word,__sum_candidate
"1,1mi",1
30bi,1
7milhões,1
abacates,1
abandonaríamos,1
abandono,2
abastecem,1
abastecimento,1
abbraccio,1
abençoa,1
abençoe,4
aberta,1
aberto,4
abertos,2
abertura,6
abordados,1
abordando,1
abpa,1
abraham,3
abrange,1
abrazo,2
abraço,48
abre,1
abril,5
abrir,1
abrirei,1
abrirmos,1
abrirá,1
absorvendo,1
absorver,1
absurdas,1
abutre,1
ac,1
acaba,1
acabamos,1
acabar,2
acadêmica,1
acadêmicas,1
acadêmico,1
acarretar,1
according,1
aceitamos,1
aceleramos,1
aceleração,1
acessar,1
acessaram,1
acesse,1
acessibilidade,1
acesso,4
achar,1
acharem,1
acho,1
acidente,1
acima,11
acionistas,1
acolhimento,1
acompanha,1
acompanhada,1
acompanhado,1
acompanhando,3
acompanhar,2
acontece,2
acontecendo,2
acontecer,1
acontecimento,1
acontecimentos,2
aconteçam,2
acordada,1
acordo,14
acordos,8
acordou,1
acre,2
acreditando,2
acredito,4
acréscimo,2
acusam,2
acusando,1
acusar,1
acusações,1
adalberto,1
adesão,1
adianta,1
adiante,4
adiantou,1
adivinha,1
adjunta,1
adm,1
administrado,2
administração,4
admirável,1
admissões,1
adolescentes,1
adorados,1
adoção,1
advocacia,2
advocacia-geral,1
advogado,1
adélio,1
aeronaves,1
aeronáutica,2
aeroporto,1
aeroportos,14
aeroportuárias,2
aeroportuário,1
afastada,1
afastados,1
afeta,1
afetada,2
afetadas,1
afetados,2
afetar,1
afetará,1
afetou,1
afinco,1
afinidade,1
afora,1
age,2
agenda,8
agentes,6
agilidade,2
agilizando,1
agilizar,1
agir,2
agirem,1
agiu,1
agora,10
agostinho,1
agosto,1
agrada,1
agradece,1
agradecemos,4
agradecer,3
agradeço,15
agradou,1
agradáveis,1
agradável,2
agreguem,1
agressividade,1
agreste,2
agricultores,1
agricultura,7
agrishow,2
agronegócio,1
agrária,1
agrícola,2
agu,3
aguarda,1
aguardamos,1
aguardando,1
aguardar,1
aguardo,1
aguenta,1
agência,4
ainda,35
ajuda,6
ajudando,1
ajudar,1
ajudas,1
ajudou,1
akihito,1
al,3
alagoas,1
alavancando,1
alavancar,1
alcance,5
alcançado,1
alcançados,1
alcançamos,1
alcançaremos,1
alcoólica,1
alcântara,5
alegre,1
alemanha,3
alemão,1
alexandre,2
alfabetização,1
algo,11
algodão,1
algum,2
alguma,3
algumas,6
alguns,20
alguém,1
ali,1
alia,1
aliado,1
aliados,1
alianças,1
alimentado,1
alimentar,1
alimentação,1
alimento,1
alimentos,2
alinhados,3
alinhamento,1
aliviar,1
alma,1
almeja,3
almejamos,2
alo,1
alquimia,1
alta,4
alternativa,2
alternativas,1
alternativos,1
alto,2
altura,1
alunos,7
alvarás,1
alvo,2
alvorada,3
além,24
alívio,1
am,1
amada,2
amado,2
amadurecimento,1
aman,1
amanhã,5
amapá,1
amarras,1
amazonas,3
amazônia,1
amazônica,3
ambas,1
ambientais,1
ambiental,4
ambiente,17
ambições,1
ambos,1
ameaça,1
ameaçadas,2
ameaçava,1
america,2
american,1
americana,1
americano,2
amiga,2
amigo,3
amigos,5
amistomo,1
amizade,7
amo,1
amor,4
amp,1
amparados,1
amparo,1
ampla,1
amplamente,1
amplia,1
ampliar,4
ampliação,4
américa,7
analisado,1
analise,1
and,7
andamento,6
andanças,1
andar,2
andrej,1
andrzej,1
andré,2
animado,1
animais,1
animal,3
anime,1
animes,1
aninhos,1
anistia,1
aniversário,3
ano,31
anos,29
anseios,5
ansiosamente,1
ante,2
anterior,5
anteriores,14
anteriormente,1
antes,4
anti,1
anti-americano,1
anti-crimes,4
anti-intelectualismo,1
anticrime,5
anticrimes,1
antigo,1
antonio,1
antártica,1
anuais,1
anual,2
anulando,1
anulei,1
anuncia,2
anunciadas,1
anunciamos,1
anunciar,1
anunciarmos,1
anunciei,1
anunciou,2
análise,3
anúncio,2
ap,1
apagou,1
aparados,2
aparecem,1
aparecesse,1
aparelhadas,1
aparelhamento,1
aparelhou,1
apelo,1
apenas,17
aperfeiçoa,1
apesar,3
apex,1
aplicabilidade,2
aplicado,1
aplicados,2
aplicam,1
aplicativos,1
aplicações,1
apoiada,1
apoiado,2
apoiam,1
apoiamos,1
apoiando,1
apoiar,1
apoio,15
aponta,1
apontam,1
apontou,1
aposentadoria,2
aposentadorias,1
aposentados,2
appreciate,1
apreciada,1
apreciação,2
aprecie,1
apreendeu,1
aprender,1
aprendidos,1
aprendizes,1
apresentado,2
apresentador,1
apresentamos,1
apresentando,1
apresentar,3
apresentaremos,1
apresentação,1
apresentou,1
aprimorar,1
aprisiona,1
aprofundar,2
aprovada,2
aprovadas,1
aprovar,2
aprovação,10
aprove,2
aproveitei,1
aproveito,1
aproveitou-se,1
aprovemos,1
aprovou,1
aproxima,1
aproximadamente,1
aproximando,1
aproximações,1
aproxime,1
apurar,2
apuração,1
apurou,1
após,26
apóstolo,1
aquecendo,1
aquecer,1
aqui,8
aquicultura,4
aquisição,1
ar,4
aracaju,1
aracaju-se,1
araoz,1
araújo,2
arbitrária,1
arcaica,1
argentina,4
argentino,2
arma,2
armadas,1
armados,2
armamentistas,1
armas,6
arquimedes,1
arrecadar,1
arrendados,1
arrendamento,1
arruinar,1
arruinaram,1
artes,1
articula,1
artificiais,1
artigos,1
artista,1
artistas,2
ascensão,1
asfaltará,1
asilo,1
assaltar,1
assassinado,1
assassinato,4
assassinatos,2
assassino,3
assassinos,1
assegurar,2
assembly,1
assembléia,1
assentamentos,1
assentos,1
assessor-chefe,1
assessoria,2
assim,14
assinada,2
assinado,1
assinamos,5
assinantes,1
assinaram,1
assinaturas,1
assinei,4
assinou,1
assista,23
assistir,1
assistiram,1
assistirá,1
assistência,2
associar,1
associação,2
assola,1
assolam,1
assumed,1
assumimos,1
assumir,2
assumirá,1
assunto,3
assuntos,15
assustam,1
astronauta,1
atacadas,1
atacava,1
ataques,1
atendado,1
atende,2
atendendo,4
atender,2
atendida,1
atendidas,1
atendidos,2
atendimento,4
atendimentos,1
atentado,3
atentamente,1
atento,1
atenção,2
aterrorizada,1
aterrorizam,1
atestados,1
atingidos,2
atingindo,1
atingir,1
atingiu,2
atiradores,1
atitudes,4
atividade,1
atividades,5
ativos,2
atletismo,1
ato,2
ator,1
atos,7
atracar,1
atraindo,1
atrair,3
atrairemos,1
atrapalhado,1
atrapalham,1
atrapalhando,1
atraso,1
atrativo,1
atravessa,2
através,3
atrito,1
atrás,3
atuais,4
atual,7
atualmente,4
atuam,1
atuando,1
atuar,2
atuação,2
auditoria,2
auditorias,1
audiência,4
aula,2
aulas,1
aumenta,1
aumentado,1
aumentam,1
aumentamos,1
aumentando,2
aumentar,1
aumentará,3
aumento,10
austrália,2
ausência,1
autenticação,1
autoagridem,1
automatizado,1
automática,1
automático,1
automáticos,1
autonomia,2
autor,1
autoridade,2
autoridades,3
autoritarismo,1
autorizou,1
autódromo,1
auxiliares,1
auxílio,1
auxílio-reclusão,1
avaliada,1
avaliação,1
avancem,1
avançadas,2
avançando,5
avançar,3
avançaremos,1
avanço,4
avanços,5
aviação,2
ayrton,1
ação,8
ações,20
aérea,1
aéreas,4
aéreo,2
aéreos,4
aí,2
babis,1
back,1
bahia,2
baianos,1
baixada,1
baixar,1
baixo,1
baixos,1
balança,1
balé,1
banais,1
banco,4
bancos,2
bancário,2
banda,1
bandeira,1
bandeirantes,2
bandeiras,1
bandido,1
bandidos,3
bando,1
banzai,1
barata,1
barateamento,1
baratear,2
baratos,1
barco,1
barrado,1
barragem,2
barragens,3
barros,3
base,4
baseada,1
baseado,1
bases,1
basquete,1
bastante,1
batalhas,1
bate,1
batendo,1
bateria,1
bateu,1
battisti,4
bb,1
be,1
bebida,1
belo,3
belos,1
belém,2
bem,34
bem-estar,2
bemvindo,1
beneficia,2
beneficiando,2
beneficiaram,1
beneficiários,1
benefício,2
benefícios,8
bens,2
benéficas,1
bermudez,1
bi,7
bibi,2
big,1
bilaterais,1
bilateral,3
bilateralidade,1
bilhete,1
bilhão,2
bilhões,20
bilhões/ano,1
billy,1
bimestre,2
bini,1
biológico,1
biotecnologia,1
bispo,1
bitcoins,1
blair,1
bless,1
bloco,1
bloomberg,1
bndes,4
boa,36
boas,4
boatos,1
boechat,1
boeing,1
bogotá,1
boletim,2
boleto,1
bolivariana,2
bolsa,7
bolshoi,1
bolsonaro,47
bolsonarosp,1
bolívia,1
bom,37
bombeamento,1
bombeiros,2
bonitos,1
bons,1
borracha,1
bovinos,1
bpm,1
br,9
br-101/al,1
br-101/rj,1
brasi,1
brasil,220
brasileira,20
brasileiras,1
brasileiro,31
brasileiros,35
brasilidade,1
brasília,9
bravas,1
bravos,1
bravura,1
brazil,4
brazilian,1
braço,1
braços,2
breve,6
brevemente,1
breves,1
brigado,1
brilhante,1
brilhantes,2
bring,1
brito,1
brumadinho,6
brumadinho-mg,3
brumadinho/mg,4
burlar,1
burocracia,3
burocracias,1
busca,12
buscado,2
buscam,1
buscamos,1
buscando,4
buscar,4
buscaremos,2
buscará,1
bush,1
by,1
básicas,1
cabeceira,1
cabedelo,1
cabedelo/pb,1
cabeludo,1
cabeça,1
cabotagem,1
cabíveis,1
cacau,1
cacs,2
cada,23
cadastro,6
cadastros,1
cadeia,1
caem,1
caged,1
caindo,1
cais,1
caiu,2
caixa,5
caixas,1
calculadora,1
caldo,1
calorosa,1
cambará,1
camboriú/sc,1
camina,1
caminar,1
caminha,1
caminhando,1
caminhará,1
caminhei,1
caminho,9
caminhoneiros,3
caminhos,2
caminhão,2
caminhões,5
campanha,10
campina,3
campinorte-go,1
campo,3
canadá,4
canais,5
canal,4
canalhice,1
cancelamento,1
cancelou,1
candidatos,1
canela,1
caneta,1
canguru,1
cantor,1
canuto,1
caos,4
capacidade,3
capanema/pr,1
capilarização,1
capitais,1
capital,1
capitalismo,3
capitão,5
captação,1
captura,1
capturar,1
cara,2
caracteriza,1
caravana,1
carbono,1
carente,1
carentes,1
carga,5
cargas,1
cargo,8
cargos,5
carinho,4
carlos,1
carnaval,2
carne,4
carnes,2
caro,2
carregar,1
carrego,1
carreira,1
carreta,1
carro,1
carrregam,1
carteira,2
cartão,1
cartório,1
caráter,3
casa,10
casal,1
casamento,3
casas,3
cascavel,2
caso,15
casos,2
castello,1
castilho,1
catarina,1
catastrófica,1
catedral,1
cativante,1
catástrofe,1
causa,2
causada,1
causados,1
causar,1
causou,1
cazaquistão,1
caça,1
caçadores,1
caótica,1
ce,2
cearense,1
ceará,4
cedida,3
cedidas,1
cedo,2
cef,2
celebrava,1
celebração,1
celular,1
celulares,1
censura,1
censurar,1
centavo,1
centenas,3
central,2
centro,14
centro-oeste,3
centro-sul,1
centros,2
cenário,4
ceos,1
cerca,15
cerimônia,4
certamente,4
certeza,3
certo,5
certos,1
cervejeiro,1
cesare,1
cevada,1
cgu,1
chama,1
chamada,2
chamadas,1
chamado,3
chamam,1
chance,2
chancelamento,1
chanceler,2
chantagens,1
charge,2
chefe,3
chefes,4
chefia,1
chega,4
chegada,2
chegam,2
chegamos,2
chegando,2
chegar,2
chegará,2
chegou,3
chico,1
chile,6
chileno,1
chilenos,1
china,3
chinês,1
choque,1
choro,1
christchurch,1
chrystia,1
chuvas,3
chávez,2
chão,1
cibersegurança,1
ciclo,3
ciclone,2
cidadania,2
cidade,3
cidadã,1
cidadão,9
cidadãos,19
cientistas,1
científica,1
científicas,2
científicos,1
cifras,1
cima,1
cimento,1
cinema,1
circulação,1
cirurgia,3
cirurgias,2
cisco,1
cita,1
citadaos,1
citadas,2
citam,1
citando,1
citizens,1
civil,4
civis,2
ciência,17
ciências,2
claro,6
claros,1
classes,1
clia,1
clichês,1
clima,2
climb,1
climáticas,1
cláusulas,1
cmsp,1
cobertura,1
cobra,2
cobrados,1
cobrando,1
cobrança,3
cobrar,5
cofres,5
colaboração,1
colecionadores,1
colega,1
coleta,1
colhido,1
colocamos,1
colocando,3
colocar,3
colocaremos,1
colocação,1
colocou,1
colocou-se,1
colombia,1
colombianos,1
colonização,1
colégio,6
colômbia,4
colônia,1
comandado,1
comandante,1
comandantes,1
comando,4
combate,18
combate-los,1
combatendo,2
combater,5
combatermos,2
combustíveis,1
combustível,4
comediante,1
comemora-se,1
comemoramos,1
comemorativa,1
comendo,1
comentado,1
comentarista,1
comentou,1
comer,1
comerciais,4
comercial,6
comercializadas,1
comercialização,1
comercio,1
comestível,1
cometa,1
comete-se,1
começa,2
começam,1
começamos,1
começaram,1
começo,2
comissionados,5
comissão,2
comitê,2
companheiro,1
companheiros,2
companhia,1
companhias,2
comparado,4
comparando,1
comparar,1
comparação,2
compartilhadas,1
compartilhar,1
compensa,1
compensação,1
competente,1
competitividade,5
competição,1
complementamos,1
completamente,2
completo,1
complexo,1
complexos,1
compor,1
comporemos,1
composto,1
compra,4
comprando,1
compras,1
compreendendo,1
compreendo,1
compromisso,15
compromissos,6
comprovada,1
comprovadamente,1
comprovou,1
computadores,1
compõem,1
comum,2
comungados,1
comunicador,1
comunicação,2
comunico,3
comunidade,1
comunismo,1
comunistas,1
comércio,11
con,1
concede,1
conceder,1
concedida,2
concedidos,1
concentrado,1
concessão,2
concessões,13
conclui,1
concluir,2
concluiu,2
conclusiva,1
conclusão,2
conclusões,4
concluída,2
concorrência,2
concorrências,1
concretos,1
concursado,2
concurso,1
conde,2
conde/pa,1
condena,2
condenados,1
condenação,1
condeno,2
condensado,1
condições,8
condolências,2
conduzir,4
conectados,1
conectar,1
conexão,1
conferência,2
confessou,1
confiabilidade,5
confiante,1
confiança,17
confira,4
confirmam,1
confirmou,1
conforme,1
conforta,1
confortar,1
conforte,6
congratulazioni,1
congresso,22
conhece,1
conhecedor,1
conhecer,1
conhecereis,1
conheci,1
conhecida,2
conhecidas,1
conhecido,1
conhecimento,8
conhecimentos,1
conheça,1
conjunta,1
conjuntas,1
conjunto,5
conosco,2
conquista,3
conquistar,2
consciente,1
conscientização,2
consciência,6
conseguimos,1
conseguir,1
conseguiremos,1
conseguirão,1
conseguiu,1
conselho,4
conselhos,1
consequentemente,1
consequência,2
consequências,3
consertar,1
conservadora,1
consideración,1
consideradas,1
consideramos,1
considerando,2
considerar,1
consideravelmente,1
consideração,9
consigam,1
consigo,2
consiste,2
console,1
consolida,1
consolidados,1
consolidação,1
constantemente,1
constantes,1
constança,1
constatei,1
constitucional,1
constituir,1
constituite,1
constituição,2
constitution,1
constituídas,1
construindo,1
construir,2
construção,6
constrói,2
consultor,1
consumidor,3
consumidores,2
consumo,3
conta,6
contados,1
containers,1
contas,4
contato,2
conte,1
contem,1
contempla,1
contemplados,1
contemplar,1
conter,1
contexto,2
continente,1
contingenciamento,5
continham,1
continua,2
continuamos,2
continuar,2
continuaremos,1
continuará,1
continuarão,1
continue,1
continuem,1
continuidade,3
conto,2
contra,18
contramão,1
contrariou,1
contratadas,1
contratar,1
contratação,1
contrato,3
contratos,5
contribuindo,1
contribuinte,5
contribuintes,1
contribuição,2
controladoria,1
controladoria-geral,1
controlamos,1
controlar,1
controle,1
contrárias,1
contrário,4
contudo,1
contínua,2
conversa,5
conversado,1
conversamos,3
conversando,1
conversar,2
conversas,1
conversemos,1
conversou,1
converte,1
convicções,2
convidar,1
convido,1
convite,2
conviver,2
convocação,1
convoquei,1
conxteto,1
cooperar,1
cooperation,1
cooperação,7
cooptar,1
coordenado,1
coordenador,2
coordenados,1
coordenação,1
copacabana,1
coppead/ufrj,1
coragem,1
coração,6
corações,1
corpo,3
corporais,1
corporativa,2
corporativo,1
corredor,1
correios,1
corrente,1
correr,1
corrigida,1
corrigindo,1
corrupto,3
corruptos,2
corrupção,13
corrêa,1
cortará,1
corte,4
cortes,3
cortou,1
coréia,1
costa,2
costas,1
cotidiano,1
coube,1
country,1
court,1
covardia,1
credibilidade,3
creio,1
cresce,1
crescem,1
crescendo,4
crescer,9
cresceu,4
crescimento,14
cria,6
criada,2
criado,1
criados,2
criadouros,1
criam,1
criando,3
criança,4
crianças,5
criar,8
criaram,1
criação,2
crime,15
crimes,4
criminalidade,1
criminalização,1
criminoso,3
criminosos,4
criou,3
criptomoeda,1
crise,3
cristo,1
cristã,1
criticam,1
critério,1
critérios,2
crivo,1
crueldade,1
cruz,4
cruzeiros,2
crédito,2
crítica,1
críticos,1
csll,1
cttd,1
cuba,3
cubana,1
cubanos,1
cuhk/china,1
cuiabá,2
cuidado,2
cuidar,1
cuidaram,1
cuja,1
cujo,1
culpariam,1
cultura,5
cultural,1
culturas,1
cumpri-la,1
cumprida,4
cumprido,2
cumprimento,2
cumprimentos,2
cumprindo,5
cumprir,1
cura,1
curados,1
curriculo,1
currículo,1
curso,1
curta,1
curto,2
custando,1
custar,1
custas,1
custo,5
custos,5
custódia,1
cv,1
cybersegurança,1
câmara,5
câncer,1
célio,1
cérebro,1
césar,1
d.o.u,1
dada,1
dado,1
dados,8
damares,1
dando,5
daniel,2
danos,2
dança,1
daquele,1
daqueles,2
daqui,8
dar,9
daremos,2
data,2
datafolha,1
davam,1
davi,1
davos,8
day,2
dear,1
debate,4
debatidas,1
decidam-se,1
decide,1
decidida,1
decidimos,2
decidir,2
decidiu,1
decisivo,1
decisão,2
decisões,3
declaradamente,1
decolar,1
decorrência,1
decretamos,1
decreto,8
decretos,2
dedicando,1
defeitos,1
defende,1
defendendo,1
defender,6
defendeu,1
defendi,1
defendo,1
defensa,1
defensor,1
defensores,1
defensoria,2
defesa,14
deficientes,1
deficitária,1
deficiência,2
define,2
definiremos,1
definitiva,3
definitivamente,1
definitivo,1
definição,1
deflagrados,2
deflagrando,1
deflagrou,1
deixa,3
deixa-nos,1
deixada,1
deixadas,1
deixados,1
deixam,2
deixamos,4
deixando,1
deixar,2
deixaram,2
deixemos,1
deixou,3
delegacia,1
demais,4
demanda,4
demandas,2
demarcado,1
demissão,1
demissões,1
democracia,14
democracy,1
democrática,2
democráticas,2
demonstra,1
demoradas,1
demorado,1
demorando,1
demos,2
dentre,2
dentro,9
denunciei,1
depende,2
dependem,1
depheliolopes,1
deputado,4
deputados,5
derivados,1
derivaremos,1
derivações,3
derrota,3
derrubar,1
derrubaram,1
desabamento,1
desafia,1
desafio,2
desagradando,1
desanimá-los,1
desaparecidos,3
desaparecimento,1
desarmar,2
desarmou,1
desastre,3
desburocratizando,1
desburocratizar,4
desburocratização,5
desburocratizações,1
descansaremos,1
descanse,1
descentralizar,1
descentralização,2
descobre,1
desconfiança,1
desconfiem,1
desconforto,1
desconhecia,1
desconhecido,1
desconstrução,1
desconstruída,1
desculpas,4
desde,17
desejamos,2
desejando-lhes,1
desejar,1
desejaram,1
desejo,4
desejo-lhe,1
desemprego,2
desencadearmos,1
desencadeia,1
desenhos,1
desenvolvem,2
desenvolvemos,1
desenvolvendo,4
desenvolver,5
desenvolvidas,1
desenvolvido,1
desenvolvidos,1
desenvolvimento,31
desestabilizar,2
desfaz,1
desfazer,2
desfeitos,1
desgastar,1
desgoverno,1
desidratar,1
desinchando,1
desinchar,1
desinformado,1
desinformação,3
desinformações,2
desinteressantes,1
desistirá,1
deslocamento,1
desmantelar,1
desmatamentos,1
desmente,1
desmentida,1
desmentindo,1
desmonta,1
desmontada,1
desmotivando,1
desnecessários,2
desobstrução,1
desonestos,1
desordem,2
despachando,4
desprovida,1
desregulamentar,1
desrespeitados,1
dessa,6
dessalinização,4
dessas,2
desse,5
desses,4
desta,13
destaca,2
destacando,1
destacarmos,1
destaco,2
destacou,1
destaquei,1
deste,13
destes,4
destinados,1
destinar,2
destinará,1
destinação,1
destino,2
destinos,1
destravar,1
destravarão,1
destroem,1
destruindo,1
destruir,5
destruiu,1
destruição,1
destruída,1
destruíram,1
desumano,1
desviará,1
desvios,1
desvirtuar,1
detalhes,17
determinados,3
determinamos,1
determinar,1
determinaram,1
determinação,3
determinei,3
detrimento,3
deus,28
deva,1
devastação,1
deve,7
devedor,1
devedores,1
devem,6
devemos,4
devendo,2
dever,2
deveria,4
deverá,3
devidamente,1
devido,2
devolvemos,1
devolvê-los,1
dezembro,1
dezenas,3
df,1
dh,1
di,1
dia,63
diante,10
diariamente,2
dias,25
diesel,2
diferenciais,1
diferencial,1
diferente,4
diferentes,2
diferença,3
dificuldade,2
dificuldades,3
dificulta,1
dificultada,1
difíceis,1
difícil,5
digam,1
digitais,1
digital,1
digitalizados,1
digitalização,1
digna,1
dilma,2
diminui,1
diminuindo,1
diminuir,1
diminuição,2
dinamismo,2
dinheiro,13
diniz,1
diplomaticamente,1
direcciones,1
direcionado,1
direcionados,1
direcionamento,1
direcionamentos,1
direito,5
direitos,10
diretamente,3
direto,1
diretor,2
diretor-geral,1
diretos,1
diretrizes,3
direção,5
direções,1
dirá,1
dirão,1
discriminação,1
discursa,1
discursam,1
discurso,5
discutem,1
discuti-la,1
discutida,1
discutimos,1
dispensas,1
dispersão,1
disponibilizados,2
disponíveis,1
disponível,3
dispositivos,1
disposição,2
disposto,1
dispõem,1
disse,3
dissemos,2
disseram,1
disso,5
distante,1
distinção,1
disto,1
distorcer,1
distorcidas,1
distorções,1
distribuição,1
distribuída,1
distrito,1
distância,1
ditador,1
ditadura,4
ditaduras,2
dito,3
diversas,2
diversidade,1
diversificar,1
diversos,1
divide,1
dividendos,2
divididas,1
divididos,1
dividir,1
dividiu,1
divisão,2
divulga,3
divulgado,2
divulgados,5
divulgando,1
divulgação,2
diz,2
dizem,3
dizer,1
diálogo,2
diária,3
diárias,2
diário,1
doce,1
docente,1
documento,1
documentos,5
doenças,1
dois,11
dominação,1
domingo,5
doméstico,1
domésticos,1
donos,1
doou,1
dor,1
dorsal,2
dou,1
doutor,2
doutrinado,1
doutrinar,1
doutrinação,2
drasticamente,1
droga,1
drogas,4
duas,5
duda,2
duplicado,1
duplicação,1
duque,2
dura,1
duramente,1
durante,5
duras,1
duro,1
dá,5
dão,1
décadas,4
décimo,1
déficit,2
dívida,1
dívidas,2
dólar,1
dólares,1
dúvidas,1
e/ou,1
ecomomia,1
economia,55
economia.o,1
economias,2
economically,1
economicamente,1
economizando,1
economizará,1
econômica,17
econômicas,3
econômico,10
econômicos,4
ecossistemas,1
ecoturismo,3
edgar,1
editada,1
editores,1
edição,1
eduardo,2
educacionais,1
educada,1
educam,1
educational,1
educação,19
efeitos,3
efetiva,1
efetivamente,1
efetividade,1
efetuadas,1
eficazes,1
eficiente,3
eficientes,2
eficiência,3
egade-itesm/méxico,1
eixo,2
elaborado,1
elaborou,1
eleito,2
eleitos,2
eleição,2
eleições,6
eletrônico,1
eletrônicos,1
elevação,1
eliane,1
eliminar,1
eliminação,1
elétrica,2
embaixada,1
embaixador,2
embaixadores,1
embarcados,1
embarcar,2
embarcações,2
embarcações-serviço,1
embarco,5
embora,1
embraer,1
embrapa,1
embratur,1
embrionários,1
emendas,2
emergencial,1
emergentes,1
emirados,1
emissora,1
emissão,1
emocionar,2
emoção,2
empenhada,1
empenhados,1
empenho,2
emperra,1
empreendedor,4
empreendedorismo,2
empregabilidade,7
empregado,1
emprego,11
empregos,24
empresa,11
empresariais,1
empresas,6
empresário,1
empresários,5
empréstimos,1
empurra,1
en,1
enaltece,1
encaminhadas,1
encaminhado,1
encaminhará,1
encarece,1
encarregado,2
encerram,1
encerrar,1
encerrou,3
encontra-se,1
encontrarei,1
encontrei-me,1
encontro,1
encontrou,2
encouragement,1
endereço,1
endividamento,1
endorsed,1
endurecendo,1
endurecer,1
endurecimento,1
enem,1
energia,13
energético,1
enfermeiros,1
enfoque,2
engenharia,3
engenheiro,2
english,1
englobando,1
enorme,3
enquanto,4
enriquecimento,1
ensina,1
ensinadas,1
ensinando,1
ensinar,1
ensino,6
entenda,10
entendem,1
entender,3
entendimento,2
entidade,1
entidades,3
entra,1
entrada,2
entrar,1
entrarei,2
entraremos,2
entrega,3
entregou,1
entreguei,1
entregues,2
entrevista,13
entrevistado,1
entrou,1
então,4
enviada,1
enviaremos,1
envio,2
envolvam,1
envolvendo,6
envolvido,1
envolvidos,4
enxugamento,3
enxugar,4
enxuta,2
equador,1
equilíbrio,1
equipados,1
equipamentos,2
equipe,3
equipes,1
equivalente,2
equivalência,1
equívocos,1
erguida,1
ernesto,2
erosão,1
errada,1
errado,2
erário,1
es,3
escala,1
esclarece,2
esclarecedora,1
esclarecedores,1
esclarecendo,1
escoamento,3
escola,6
escolar,1
escolas,5
escolha,1
escolheram,1
escondida,1
escoramento,1
escravas,1
escravidão,1
escravizado,1
escreve,1
escrita,2
escrito,1
escritório,2
escusas,1
escutemos,1
esfera,1
esferas,1
esforços,3
esgotamento,1
esmagadora,1
espacial,4
espalhado,1
espalham,1
espaço,5
espaçonaves,1
espaços,1
especial,10
especialistas,3
especificidade,1
especíco,1
específico,1
específicos,1
esperado,1
esperam,1
esperamos,1
esperança,3
esperanças,1
esperar,1
espero,3
esperta,1
espertos,1
espetacular,1
espinha,3
espiritualidade,1
espontaneamente,1
espontânea,1
esporte,1
esportiva,1
esportivos,1
esposa,3
espírito,1
espúrias,1
esquecendo,1
esquecida,1
esquecidas,2
esquema,1
esquerda,10
esquerdista,1
esquerdo,1
esqueçamos,1
essenciais,3
essencial,2
estabelece,1
estabelecer,1
estabelecidas,1
estabelecimento,1
estabilidade,2
estabilizar,2
establishment,2
estado,39
estados,21
estaduais,2
estadão,3
estar,8
estarei,2
estarem,1
estaremos,2
estaria,1
estariam,1
estarmos,1
estarão,1
estaríamos,1
estatais,3
estatal,1
estação,2
estendo,1
esther,2
estima,1
estima-se,2
estimativa,3
estimulando,1
estimular,1
estoque,2
estradas,1
estrago,1
estrangeiras,1
estrangeiro,1
estrangeiros,3
estranheza,1
estrategicamente,1
estratégias,1
estrela,1
estrutura,2
estrutural,1
estuda,3
estuda-se,1
estudados,1
estudamos,1
estudo,1
estudos,11
estupros,1
estágio,1
estãos,1
estímulo,1
etapa,1
etc,4
eua,13
europa,2
europeu,1
europeus,2
evento,4
eventuais,2
eventualmente,1
everything,1
evitar,1
evoluamos,1
evoluindo,2
evoluir,1
evoluirmos,1
evoluirá,1
evolução,4
ex-dnit,1
ex-filiado,1
ex-integrante,3
ex-prefeito,1
ex-presidente,1
ex-programa,1
ex-superintendente,1
exames,1
exatamente,3
exaustivamente,1
excelente,7
excelenteinício,1
excelentes,1
excelentíssimo,2
excelência,1
excesso,1
exclusiva,3
exclusivamente,1
executiva,1
executivo,10
exemplo,6
exemplos,3
exercer,1
exercida,1
exercícios,1
exige,1
exigente,1
exigimos,1
exigirem,1
exigiu,1
exigência,2
exilado,1
exista,1
existe,3
existentes,1
existir,1
existiram,1
existiu,1
existência,1
expandindo,1
expandir,4
expansão,2
expansões,1
expectativa,2
expectativas,5
experiência,1
experiências,3
explanado,1
explanação,1
explica,5
explicamos,1
explicando,3
explicação,1
explicitado,1
explodir,2
explodiram,1
exploradas,1
explorados,1
explorar,2
exploração,1
explosão,2
expondo,1
expor,1
exportadores,2
exportações,4
exposição,2
expostos,1
expressar,1
expressiva,1
expressivos,1
expressou,1
expressão,3
expus,1
expusemos,2
expõe,2
ext,1
extensão,1
exterior,3
exteriores,5
externa,2
externas,1
externo,1
externos,1
extingue,2
extinções,1
extrapolá-la,1
extração,1
extrema,1
extremamente,5
extremismo,1
exército,7
fab,1
fabricadas,2
facada,2
facebook,11
facilitador,1
facilitar,1
facilitará,1
facilitação,3
facilmente,2
faculdades,3
faixa,1
fake,9
fakenews,5
fala,7
falamos,3
falar,4
falaram,1
falecimento,1
falei,1
falou,1
falsa,1
falsas,1
falsos,1
falta,8
falácias,1
familia,1
familiar,2
familiares,8
famosos,4
família,17
famílias,2
fantoche,1
farei,2
faremos,6
faria,1
farsa,1
fará,4
farão,1
faríamos,1
fase,3
fases,1
fatais,1
fatal,1
fato,4
fatores,2
fatos,9
faturamento,1
favor,5
favoráveis,2
favorável,2
faz,13
fazem,8
fazemos,3
fazendo,10
fazer,26
fazê-las,1
feb,2
fecha,1
fechamento,1
fechou,1
federais,6
federal,22
federativa,1
federativo,1
feeling,1
feira,2
feita,4
feito,10
feitos,3
felicidade,1
felicidades,1
felicitações,1
feliz,6
fenômeno,1
feridas,1
ferido,1
feridos,1
feriu,1
ferramenta,4
ferrovia,6
ferrovias,7
ferroviária,2
ferroviário,3
fertilizantes,1
festa,1
festejado,1
fev,3
fevereiro,9
fez,2
ffaa,1
fgv,3
fgv/brasil,1
fiat-chrysler,1
fica,3
ficar,2
ficariam,1
ficará,1
ficarão,1
ficasse,1
ficha,1
fico,1
ficou,2
fidel,1
figueiredo,1
filas,1
filha,1
filho,3
filhos,6
filiais,1
filipe,1
filme,1
filosofia,1
filtrar,1
filósofo,1
fim,16
final,7
finalidade,1
finalizados,1
finalmente,4
financeiro,1
financeiros,2
financiada,1
financiamento,1
financiar,1
finanças,1
finge,1
fiquemos,1
firmada,1
firmado,1
firmados,2
firmam,1
firmar,1
firmas,1
firme,1
firmei,2
firmes,2
fiscais,1
fiscal,4
fiscalizadora,1
fiscalizando,1
fiscalizar,2
fiscalizará,1
fiscalização,3
fisicamente,1
fisiológicas,1
fisioterapeutas,1
fisioterapia,2
fixa,1
fiz,1
fizemos,1
fizeram,3
fizessem,1
flamenguista,1
flexibiliza,1
flexibilização,1
florescer,1
floresta,4
fluminense,1
flávio,1
foca,1
focadas,1
focar,1
foco,6
focos,1
fogo,4
foguete,1
foguetes,3
folha,5
fomentar,2
fomento,2
fonte,6
fontes,1
forma,12
formada,1
formados,1
formais,1
formal,1
formalizou,1
formar,1
formarem,1
formarmos,1
formas,1
formação,4
forming,1
fornecer,2
fornecimento,1
foro,4
fortalece,1
fortalecendo,1
fortalecer,1
fortaleza,1
forte,42
fortemente,1
fortes,4
fortíssima,2
força,5
força-tarefa,2
forças,3
foto,4
fraco,1
francisco,3
francês,1
frango,2
fraternidade,1
fraterno,1
fraudes,7
freeland,1
frente,11
frentes,1
frequentadores,1
friendship,1
frisarmos,1
from,2
fronteira,1
frota,2
frustra,1
frustrar,1
fruto,1
fuerte,1
fuerza,1
fugiram,1
funai,2
funciona,1
funcionam,1
funcionamento,3
funcionário,2
funcionários,1
functions,1
fundamentais,3
fundamental,7
fundo,2
função,2
funções,4
fuso,1
futebol,1
futuras,2
futuro,18
fábrica,1
fé,3
férias,2
física,2
fórmula,1
fórum,5
gabinete,5
gabriel,1
gain,1
gangues,1
ganha,7
ganham,4
ganhando,1
ganharão,1
ganhe,1
ganhos,1
garante,1
garantia,3
garantias,4
garantidos,1
garantir,4
garantiremos,1
garbage,1
garcia,1
gargalo,1
gasta,1
gastando,1
gastava,1
gasto,1
gastos,6
gastou,1
gato,1
gaza,1
geisel,2
gelatina,1
general,12
generalizada,2
generalizado,1
gente,1
gentileza,1
genéticos,2
george,1
gera,4
geradas,1
gerado,1
gerais,6
geral,3
gerando,10
gerar,5
gerará,1
geração,6
gerações,4
gere,2
gerem,2
gerente,1
gerou,2
gerência,2
gestor,1
gestão,7
gestões,2
get,1
gideões,1
gigantes,1
gigantesca,1
gigantesco,4
gigantescos,1
gil,1
gilson,1
ginástica,1
gira,1
girar,1
giuliani,1
global,1
globalista,1
globo,8
globonews,2
go,1
gobiernos,1
god,2
goiás,1
golpe,1
gomes,1
google,1
gordura,1
gostaria,1
gostaríamos,1
gostem,1
governador,2
governadores,2
governar,1
governo,111
governos,18
gracias,2
gradativamente,1
graduações.vamos,1
grafeno,4
gran,1
grande,51
grande-pb,1
grande/pb,1
grandes,5
gratificações,2
grato,2
grau,1
gravando,2
gravação,2
grave,2
graças,4
great,2
greves,2
gripe,1
grupo,4
grupos,5
grãos,1
gsi,2
gte,1
guaidó,3
guararema,1
guardiões,1
guarujá,1
guarulhos,1
guedes,13
guerra,4
guerreiras,1
guerreiros,2
guiana,2
guimarães,2
h45min,1
habilidade,1
habitantes,1
habitação,1
habite,1
habituais,1
haddad,1
haiti,1
hannah,1
hannan,1
harmonia,2
hashtag,2
hasteamento,1
have,1
havendo,1
haver,1
haveria,1
haverá,2
havia,1
hd,1
head,1
heiko,1
heleno,2
helicóptero,1
hemisfério,1
heraldo,1
herança,1
hermanos,1
herói,2
heróis,2
hipnotizada,1
hipocrisia,1
hipótese,1
história,5
histórica,2
histórico,3
históricos,1
hj,1
hoje,71
holanda,1
holocausto,1
homenagem,8
homenagens,1
homens,1
homicídios,1
homofobia,2
honestos,1
honraria,1
honrosa,1
hora,1
horas,4
horizonte-mg,1
horário,5
hospedaremos,1
hospitais,2
hospital,6
hospitalar,1
hospitalares,1
hotelaria,1
house,1
hs,3
https,2
hugo,2
humana,1
humanas,1
humanidade,1
humanitária,2
humanitário,1
humanitários,1
humanos,6
humildes,1
hungria,1
hábitos,1
hélio,1
húngaro,1
ibama,1
ibge,1
iconha,2
ida,1
idade,1
idai,1
ideais,1
ideal,2
ideia,5
ideias,2
identidade,3
identificados,1
identificando,1
identificar,2
identificou,2
ideologia,1
ideologias,1
ideologicamente,2
ideológica,3
ideológicas,1
ideológico,2
ideológicos,2
idosa,1
igarapé,1
igarassu,1
ignorada,1
ignorando,3
ignorar,2
ignore,1
igrejas,1
iguais,1
igual,4
igualitária,1
ii,1
ii-gm,1
ilegal,2
ilegalmente,1
ilegítimo,1
ilhabela,1
iluminação,1
imagem,2
imagens,1
imagina,1
imaginaríamos,1
imagine,1
ime,1
imediato,3
imensamente,1
imigrantes,1
imigração,1
iminente,2
impactado,1
impacto,3
imparcialidade,2
impeachment,1
impecável,1
impedidas,1
impedimento,1
impedir,2
imperador,1
imperou,1
impeçamos,1
implantação,1
implementadas,1
implementar,1
implementação,1
implementações,1
impopulares,1
impor,1
importa,1
importando,1
importante,12
importantes,10
importantíssimo,1
importar,1
importação,1
importações,3
importância,3
impositivo,1
impossibilitada,1
impossível,1
impostas,1
imposto,5
impostos,4
imprensa,15
impressora,1
impressões,1
imprime,1
impulsionado,1
impulsionamento,1
impunidade,3
imóveis,1
in,6
inacabadas,1
inacreditável,2
inaugura,1
inauguramos,1
inauguração,4
inaugurou,1
incansavelmente,1
incapacidade,1
incd,1
incendiar,1
incentivo,1
incentivos,1
incentivá-la,1
incessante,1
inchado,1
incineração,1
inclui,1
incluindo,6
incluirá,1
inclusive,4
inclusão,2
incluída,1
incluídos,1
incra,2
incremento,1
incriminar,1
incuindo,1
incêndio,2
indeferidos,1
indentificadas,1
independente,1
independência,2
indevidamente,1
indevidos,2
indiano,1
indicado,2
indicando,1
indicação,2
indiretos,1
indiscriminada,1
indispensáveis,1
indispensável,1
indisponibilidade,1
individuais,2
individual,3
individualidade,1
indivíduo,1
industrial,1
induzidos,1
induzindo,1
indícios,4
indígena,3
indígenas,1
indústria,2
indústrias,1
inelutável,1
infantil,2
infelicidade,1
infelizmente,9
inflação,3
influenciou,1
influência,1
informa,1
informado,4
informamos,1
informar,4
informatização,1
informação,6
informações,13
informe-se,1
informo,2
informou,1
infraestrutura,12
ingenuidade,1
inglês,1
ingresso,2
inicia,2
iniciada,1
iniciais,4
inicial,3
iniciar,1
iniciaram,1
iniciativa,7
iniciativas,4
inicio,1
inimigos,1
injetados,1
injetou,1
injustificável,1
inocente,1
inova,1
inovação,2
inovações,1
inscreva-se,1
insegurança,1
inserção,2
insista,1
insistentemente,1
inspeção,1
inspirando-se,1
inspiração,1
inss,2
instagram,2
instalados,1
instalações,2
instantes,1
institucional,4
institui,1
instituição,1
instituições,5
instituto,1
instância,1
integrada,2
integrado,4
integral,1
integralidade,1
integrando,2
integrantes,3
integrar,1
integração,9
integridade,2
integrou,1
inteira,1
inteiro,1
intelectual,1
inteligentes,1
inteligência,8
intencional,1
intensa,1
intensas,1
intenção,5
intercâmbio,2
interessa,2
interessados,1
interessam,1
interessante,2
interessantes,2
interesse,4
interesses,4
interferência,2
interligando,1
interligação,1
intermediação,1
intermédio,1
interna,1
internacionais,2
internacional,9
internas,1
internet,12
interno,1
internos,1
interseção,1
intervenção,2
intuito,3
invadidos,1
invadir,1
invasões,1
inventa,1
inventando,1
inventarem,1
invenções,1
inversão,1
investiam,1
investidor,3
investidores,4
investigar,1
investigação,1
investimento,8
investimentos,24
investir,3
inviolável,2
invés,1
inédita,2
inês,1
início,15
inúmeras,2
inúmeros,1
ir,3
iria,1
irmã,2
irmão,1
irmãos,5
irpj,1
irregular,1
irresponsabilidade,3
irresponsável,1
irrigada,1
irrigação,1
irá,5
irão,1
is,1
isenta,1
isenção,1
islâmicos,1
isoladas,1
isolados,2
israel,25
israelense,2
israelenses,2
it,1
itaguaí,1
itajaí/sc,1
italiana,1
italiano,1
itapissuma,1
itália,4
ivan,2
jair,25
jamais,9
jan,1
janeiro,14
jantar,5
japonês,1
japão,4
jato,2
jeito,1
jerusalém,1
jesus,1
jogados,1
jogar,1
jogaram,1
jogo,5
joinville,1
jorge,1
jornada,1
jornais,1
jornal,3
jornalismo,3
jornalista,6
jornalistas,2
jornalistica,1
josé,1
jovem,5
jovens,7
joão,4
jr,1
juan,2
juazeiro,2
judaica,1
judeus,1
judicial,1
judiciário,4
juiz,3
julho,2
junho,4
juntamente,2
juntas,2
junto,11
juntos,24
jurisdição,1
jurídica,2
jurídicos,1
justa,3
justice,1
justiça,7
justo,2
juventude,1
juízes,1
jóias,1
kingdom,1
kirchners,1
kits,1
kkkk,1
kkkkk,5
kkkkkk,1
kkkkkkk,2
kkkkkkkk,2
kkkkkkkkk,1
kkkkkkkkkk,1
kkkkkkkkkkkk,1
km,5
la,1
lacração,1
lacuna,1
lado,10
lama,1
lamentando,1
lamentavelmente,1
lamento,3
lamentável,3
lance,1
lanchonete,1
lanka,1
lança,2
lançada,2
lançadas,1
lançado,1
lançados,1
lançamento,1
lançamos,1
lançar,2
lançaram,1
lançaremos,1
lançará,1
lançou,1
larga,1
largos,1
las,1
lasier,1
latam,1
latina,2
lava,2
lava-jato,2
lazer,1
laços,8
legado,2
legal,1
legalidade,1
legislativo,7
legislação,1
legítima,2
legítimas,1
legítimo,1
lei,16
leia,1
leiloadas,1
leiloado,1
leilão,7
leilões,6
leis,4
leite,1
leitor,2
leitura,1
lembranças,1
lembrar,1
lembro,1
ler,2
leste,1
lesões,1
letalidade,1
levadas,1
levando,4
levantados,1
levantamento,4
levantar,1
levar,1
levaremos,1
levaria,1
levará,3
levarão,1
levem,1
levou,4
libera,1
liberadas,1
liberado,1
liberal,1
liberação,5
liberdade,27
liberdades,2
liberta,1
libertará,1
libertá-los,1
libras,1
licenças,1
licitação,1
liderança,1
ligada,1
ligado,1
ligados,2
ligamos,1
ligação,3
liguei,2
limite,1
limpa,1
limpas,1
limpeza,1
linha,3
linhas,5
link,12
live,19
lives,2
livre,11
livres,1
lixo,3
locais,3
local,4
localizadas,1
localizado,1
locupletará,1
loen,1
logo,6
logística,4
logístico,2
logísticos,1
longas,1
longe,3
longo,5
lopez,1
los,1
lot,1
louvável,1
lowest,1
lucas,1
lucram,1
lucro,2
ludibriar,1
lugar,1
lugares,2
luiz,2
lula,5
luta,4
lutamos,1
lutar,1
luz,1
luís,1
lá,10
líder,2
líderes,6
líquido,1
lógica,1
ma,1
maas,2
macapá,1
macaé,1
macaé-rj,1
maceió,1
maceió-al,1
machado,1
mackenzie,2
maconha,1
madeira,1
madeiro,1
maduro,3
maia,1
maio,7
maio.muita,1
maior,23
maiores,9
maioria,7
major,1
mal,8
malawi,1
maldade,1
maldosa,1
maldosos,1
males,1
malfeitos,1
malha,2
malte,1
malária,1
malásia,1
manchetes,1
manda,1
mandato,5
mando,1
mandá-lo,1
maneira,5
manhã,6
manifestada,2
manifestantes,1
manifestação,4
manifestações,3
manifesto,1
manifestou-se,1
manipuladas,2
manipuladora,1
manipular,2
manobra,5
mansoori,1
manter,2
manterem,1
mantida,1
mantido,1
manutenção,7
mapa,1
mapear,1
maquinários,1
mar,3
maranhense,1
maranhão,5
marca,5
marcante,1
marcar,1
marcelo,1
marcia,1
marco,1
marechal,1
marginais,1
marginal,1
maria,1
mariana,1
mariangela,1
marinha,2
marinhas,1
marinho,2
mariotti,1
marito,1
mark,1
marmita,1
martins,1
marxist,1
março,8
marítimos,1
massa,5
massacrado,1
massacre,2
mata,1
matar,1
material,2
matou,1
matriculados,1
matricularam,1
matrizes,1
matéria,5
matérias,2
matérias-primas,1
maurer,1
maurício,1
mba,1
mclaren,1
mec,2
mecanismos,2
mediante,3
medicamentos,4
medicina,3
medida,13
medidas,9
medina,1
medição,1
medo,2
meio,18
meios,3
melhor,17
melhora,2
melhoram,1
melhorando,3
melhorar,2
melhore,1
melhores,8
meliantes,1
membro,1
membros,4
memória,1
mendonça,2
menina,1
menor,4
menores,3
menos,25
mensagem,4
mensagens,2
mensalão,1
mente,1
mentes,3
mentir,1
mentira,5
mentiras,3
mercado,21
mercedes,1
merece,1
mergulho,1
mergulhos,1
meses,12
mesma,1
mesmas,1
mesmos,2
mesquitas,1
mestrado,1
mestre,1
meta,2
metas,3
meteoro,1
metropolitana,1
metros,1
metrô,1
mg,2
mi,4
michelle,2
migalhas,1
migratório,1
miki,2
mil,31
milhares,5
milho,1
milhão,5
milhões,26
milhões/ano,2
militante,1
militantes,3
militants,1
militar,6
militares,6
militância,1
milliany,1
miltar,1
mim,4
min,2
minas,8
minimizar,2
minimizá-lo,1
ministeriais,1
ministerial,3
ministerio,1
ministra,9
ministro,68
ministro-chefe,1
ministros,15
ministério,25
ministérios,10
minoria,1
minutos,2
mira,2
miramar,1
miscigenado,1
missão,14
mista,1
mobilidade,1
mobilizou-se,1
moda,1
modais,2
modelo,1
modernas,1
moderniza,1
modernização,1
modifica-los,1
modificações,2
modo,2
moeda,1
mofado,1
momento,21
monopólio,2
monstruosidade,1
montagem,1
monte,1
moradores,2
moretti,1
moro,6
morrêssemos,1
mortal,1
morte,2
mortos,2
mostra,2
mostrado,1
mostrados,1
mostramos,2
mostrando,2
mostrar,2
mostrarei,1
mostrou,2
mostrou-se,1
motivo,4
motivos,4
moto,1
motorista,1
movimentar,1
movimentaram,1
movimentação,2
movimentações,1
movimento,2
movimentos,1
moçambique,1
mp,7
mpf,2
mr,4
mst,6
mt,3
mtst,1
muchas,1
muda,1
mudando,3
mudança,3
mudanças,5
mudar,12
muita,1
muitas,13
muitos,12
mulher,7
mulheres,3
multa,1
multas,1
multidão,1
mundiais,1
mundial,11
mundo,25
municipais,1
município,5
municípios,10
murilo,1
mutirão,1
má,1
máquina,8
mário,1
máxima,2
máximo,2
mãe,3
mães,2
mão,2
média,4
médico,2
médicos,3
médio,3
mês,9
mídia,12
mínima,1
mínimo,3
móveis,1
música,1
nacionais,2
nacional,42
nada,2
nadam,1
nagem,1
nagen,1
naquelas,1
naquele,2
narrativa,3
narrativas,2
naruhito,1
nasa,1
nasceu,1
nata,1
natação,1
national,1
natura,1
natural,1
naufragadas,1
naufrágios,1
navio,1
navios,1
nazismo,2
nação,14
nações,6
nbr,1
necessidade,8
necessidades,1
necessita,1
necessitados,2
necessária,5
necessárias,4
necessário,4
necessários,2
negar,1
negativo,1
negociadas,1
negou,1
negão,1
negócio,1
negócios,6
nenhum,4
nenhuma,2
neozelandeses,1
nessa,6
nesse,3
nesta,10
neste,25
nestes,4
netanyahu,1
neto,2
netos,1
news,8
neymar,1
nicho,1
ninguém,1
ninho,1
nivaldo,1
nogueira,1
noi,1
noite,21
nome,11
nomeação,1
nomes,2
nordeste,8
normalidade,2
normalizada,1
normas,1
normativo,1
norte,6
norte-mt,1
norte-sul,4
not,1
nota,1
note,1
notificou,1
notre-dame,1
notícia,5
notícias,5
notório,1
nova,38
novamente,2
novas,4
nove,1
novidade,2
novidades,3
novo,27
novos,12
nuestros,1
nunca,7
nyusi,1
nº,1
náutico,1
níveis,1
nível,6
núcleo,1
número,8
números,4
objetiva,1
objetivamos,1
objetivando,2
objetivo,12
objetivos,5
objeto,2
obra,1
obras,3
obrigado,25
obrigatórias,1
obrigatório,2
observado,1
observar,1
obstáculo,1
obtido,1
ocasião,1
ocde,4
ocidental,1
ocidente,1
ocorre,2
ocorrendo,1
ocorrer,1
ocorrerão,1
ocorreu,1
ocorria,1
ocorrida,1
ocorridas,1
ocorrido,8
ocupa,2
ocupados,1
ocupantes,1
ocupará,2
ocupação,2
ocupou,1
oeste/sp,1
of,11
ofensa,1
oferecemos,1
oferecendo,1
oferecer,1
ofereceu,1
oferecido,1
oferta,3
oficiais,2
oficial,5
oficializamos,2
oficinas,1
ofício,1
oi,2
ok,2
olho,4
olhos,3
oliveira,1
omc,1
omite,1
omitem,1
omitido,1
omitir,1
on,1
onde,9
one,1
onemba,1
ongs,3
ontem,13
opa,1
operam,1
operação,5
operações,3
opinem,1
opiniões,3
oportunidade,9
oportunidades,1
oposição,2
oposto,3
opostos,1
opõe,1
orador,1
oral,1
orações,3
orban,1
ordeiro,1
ordeiros,1
ordem,5
order,1
organiza,1
organizada,2
organizado,8
organizados,1
organizando,1
organização,2
organizem,1
orgulharemos,1
orgulho,2
orgânica,2
orgânicos,5
orientados,1
orientou,1
oriundo,2
oriundos,1
orquesta,1
orquestra,1
orçamento,4
otan,1
otavio,1
otimismo,2
otimizar,2
our,4
outorgas,1
outra,3
outras,15
outro,1
outros,35
outubro,1
ouvindo,1
ouvir,2
oxford,1
pa,2
pacientes,2
pacificamente,1
pacote,7
pacto,2
pacífico,1
padre,1
padrões,2
paga,1
pagadores,1
pagam,2
pagamento,5
pagar,2
pagará,2
pagarão,1
pagasse,1
pago,1
pai,4
painel,1
pais,2
paixão,1
palabras,1
palavra,5
palavras,11
palmeiras,1
palmeirense,1
palácio,3
pan,3
papel,7
parabenizo,5
parabéns,18
parada,1
paraenses,2
paraguai,4
param,1
paraná,5
paraopeba,1
parar,4
pararem,1
parasitas,1
paraíba,3
paraíso,1
parceiras,1
parceiros,2
parcela,1
parceria,9
parcerias,3
parecer,1
parem,1
pares,1
paris,2
parlamentar,1
parlamentares,7
parlamento,1
parques,2
parte,31
partes,1
participam,1
participamos,3
participando,3
participantes,1
participar,5
participarei,1
participação,4
participações,1
participou,3
particular,1
partida,1
partido,3
partidos,1
partidário,1
partilhar,1
partindo,2
partir,4
pará,5
pasadas,1
passa,3
passada,3
passadas,1
passado,15
passados,2
passageiros,1
passageiros/ano,1
passagem,1
passagens,3
passando,1
passar,3
passaram,1
passe,1
passo,8
passos,7
pasta,4
pastas,1
patamares,1
patrimônio,1
patriotismo,2
patrocinando,1
patrocínios,2
paulo,21
pauta,1
pautas,3
pavimentado,1
pavimentação,1
paz,7
país,68
países,15
pb,1
pc,1
pcc,1
pcdob,2
pe,1
peace,1
pecados,2
peculiar,1
peculiaridade,1
peculiaridades,1
pede,1
pedem,1
pedido,1
pedidos,2
pedindo,1
pedir,2
pediu,3
pedro,5
peixe,1
pele,3
pena,1
penal,1
penas,1
pensamento,1
pensando,1
pensar,1
pensão,1
people,2
pequena,2
pequeno,3
pequenos,1
perca,1
percam,1
percentual,1
percorrendo,1
percorrer,1
perda,2
perde,1
perder,1
perderam,2
perderemos,1
perdeu,3
perdido,1
pereira,1
perfil,2
perfis,2
pergunta,1
perguntar,1
perguntei,1
periferias,1
periodicamente,1
permanecer,1
permanecermos,1
permissão,2
permitam,2
permite,2
permitido,1
permitindo,1
permitir,3
permitirá,2
pernambucano,2
pernambuco,5
perseguição,1
pertinentes,1
perto,5
peru,2
período,15
pesar,4
pesca,9
pescado,1
pescadores,5
peso,1
pesqueira,1
pesquisa,9
pesquisadores,2
pesquisas,3
pessoa,11
pessoais,1
pessoal,3
pessoas,11
peste,1
petista,2
petro,1
petrobras,5
petrobrás,5
petrolina,1
petrolina-pe,1
petrolífera,2
petróleo,1
peço,5
pf,4
pgmraulgil,1
pgr,1
piada,2
piadas,1
piauí,1
pib,1
pilar,1
pilares,3
pilota,1
piloto,1
pioneiros,1
pior,1
pisa,1
placas,1
planalto,2
planejamento,1
planejamos,1
planeta,1
plano,5
planos,2
plantada,1
plantações,1
plantio,1
plantão,1
plataforma,1
pleasure,1
pleito,1
plena,5
pleno,2
pls,1
pm,2
pm-sp,1
pneus,1
pobre,1
pobres,3
pobreza,1
pode,17
podem,4
podemos,7
podendo,1
poder,13
poderemos,1
poderes,8
poderosos,1
poderá,2
poderão,2
pois,7
policiais,5
policial,1
political,1
politically,1
politicamente,1
politizar,1
polo,1
polos,1
polêmicas,1
polícia,4
polícias,1
política,11
políticas,2
político,6
políticos,9
polônia,1
ponte,2
pontes,1
ponto,3
pontos,5
popular,3
populares,2
população,38
populações,3
populista,1
porco,1
poroshenko,1
porque,6
porquê,1
porta,1
porta-voz,5
portais,2
portaria,2
porte,2
porto,9
portos,11
português,1
portuárias,5
portuários,4
porém,2
posicionamento,1
posicionar,1
positiva,1
positivamente,2
positivas,5
positivo,1
positivos,4
posição,4
posições,2
possa,5
possam,7
possamos,9
posse,13
posses,1
possibilidade,2
possibilidades,1
possibilita,1
possibilitar,3
possibilitou,1
possivelmente,2
possuem,1
possui,5
possíveis,7
possível,10
post,1
postada,1
postagens,1
posteriores,1
posteriormente,1
postos,2
postura,2
potencial,4
potencializando,1
potencializar,3
poucas,1
pouco,21
poucos,3
poupar,1
poupou,1
pouquíssimo,1
pouquíssimos,1
povo,20
povos,4
pr,3
pra,3
pracinhas,1
praias,1
praticado,1
praticados,1
prato,1
prazer,2
prazo,3
prazos,1
precisa,4
precisam,2
precisamos,6
precisar,1
precisem,1
preciso,5
precursor,1
predominam,1
preenchidas,1
preenchido,1
prefeito,2
prefeitos,4
prefeituras,1
prejudicando,1
prejudicar,1
prejuízo,2
premiê,3
prendeu,1
preocupa,1
preocupado,1
preocupação,4
preocupações,1
preparados,2
preparando,1
presa,1
presenciado,1
presente,2
presentes,1
presença,1
preserva,2
preservados,1
preservação,5
presidencial,2
president,5
presidente,56
presidentes,3
presidiário,1
presidência,12
presos,1
pressa,1
pressão,1
prestados,2
prestar,2
prestaram,1
prestará,1
presto,2
preta,1
pretende,2
pretendemos,3
pretensão,1
preto,1
prevaleça,1
prevaleçam,1
preveem,1
prevenir,1
prevenção,1
previdenciária,1
previdência,35
prevista,1
previsto,4
previstos,5
previsão,1
previsões,2
prevê,3
prezando,3
prezar,1
preço,5
preços,8
primeira,10
primeiras,1
primeiro,15
primeiro-ministro,5
primeiros,13
principais,6
principal,4
principalmente,9
princípio,2
princípios,2
print,1
prioridade,4
prioridades,6
prioritário,1
prioriza-se,1
priorização,1
prisão,2
privada,4
privadas,1
privado,2
privados,1
privatizada,1
privatização,1
privatizações,2
privilegiada,1
privilegiar,1
privilégios,2
pro,1
problema,5
problemas,5
process,1
processa,1
processamento,1
processando,1
processo,11
processos,2
procura,2
procuram,2
procuramos,2
procurando,1
procuravam,1
produtiva,2
produtivas,1
produtividade,1
produtivo,1
produtivos,1
produto,2
produtor,1
produtores,2
produtos,7
produz,2
produzido,1
produzidos,1
produziriam,1
produção,14
prodígio,1
prof,1
proferir,2
professor,8
profissionais,4
profissional,3
profissionalismo,1
profissão,2
profundas,2
profundo,1
profundos,2
programa,12
programas,1
progress,1
progresso,5
proibido,1
proibir,1
projeta,1
projetada,1
projeto,15
projetos,13
prol,5
proletários,1
proliferou,1
promessas,1
prometido,2
promover,3
promovidas,1
promovidos,1
promoção,3
pronto,3
prontos,1
pronunciamento,5
propagadas,1
propaganda,1
propalado,1
propiciar,2
propondo,1
proporciando,1
proporcionada,1
proporcionar,1
proporá,1
proporções,1
propositalmente,7
proposições,1
proposta,5
propostas,4
proposto,1
propriedade,1
propósito,2
propósitos,1
prorrogações,1
prosperar,2
prosperidade,10
prosperity,1
prosul,2
protection,1
proteger,1
proteja,1
protetivas,1
proteção,3
proteína,1
provadas,1
provas,1
proveitosa,1
providenciou,2
providências,1
provisória,4
provocado,1
provérbios,1
prática,5
prático,1
pré-campanha,1
própria,2
próprias,2
próspera,1
próspero,3
próxima,5
próximas,1
próximo,4
próximos,5
psl/go,1
psol,7
pt,12
publicada,1
publicado,2
publicados,1
publicar,1
publicação,1
publicidade,1
publicou,1
pude,2
pudemos,2
puder,2
pudesse,1
punição,1
puramente,1
purificação,1
páscoa,1
pátria,6
pão,1
pétreas,1
pêsames,1
pública,24
públicas,2
público,8
público-alvo,1
públicos,13
quadrilha,2
quadro,1
quais,2
qualidade,7
qualquer,12
quantidade,2
quanto,9
quantos,2
quarta,1
quarto,1
quase,9
quatro,2
quebra,1
quebrar,2
quebrou,1
queda,3
queen,1
queimados,1
queimaduras,2
quer,3
querem,6
queremos,14
querer,2
queriam,1
querida,2
querência-mt,1
questão,3
questões,1
quilombolas,1
quinta-feira,6
quintas-feiras,2
quinto,1
quão,1
racismo,1
radares,2
radicalização,1
rainha,1
rampa,1
rankings,1
rapidamente,3
raras,2
rastros,1
raul,2
reafirma,1
reafirmaram,1
reafirmo,1
reagem,1
reais,3
reajuste,2
real,2
realidade,3
realiza,2
realizada,3
realizadas,4
realizado,3
realizados,1
realizar,6
realizaremos,3
realizará,1
realização,2
realizações,2
realmente,2
reassumo,1
reavaliação,1
rebaixamento,1
reboque,1
recado,2
receba,1
recebe,1
recebemos,2
recebendo,2
receber,4
receberam,1
receberei,1
receberemos,1
receberão,1
recebi,4
recebiam,1
recebido,2
recebimento,2
recebimentos,1
recebo,2
receita,2
recentemente,1
recepcionados,1
recepção,1
reciclagem,1
recife,3
recife-pe,1
recifes,2
reclamações,1
recognizes,1
recolhimento,1
recomendo,1
recomposição,1
reconhecemos,1
reconhecendo,1
reconheceu,1
reconhecido,2
reconheço,1
reconstrução.para,1
record,3
recorde,3
recorrente,1
recuperada,1
recuperando,1
recuperar,2
recuperação,5
recursos,19
recusaremos,1
rede,8
redes,4
redor,1
reduzidos,1
reduzindo,2
reduzir,7
reduziram,1
reduziu,1
redução,13
reeleição,2
reestabelecimento,1
refaz,1
refere,1
referendo,2
referentes,1
referi-me,1
referida,3
referido,1
referência,2
reflexo,1
reflexão,1
reforma,6
reformas,3
reforça,1
reforçando,1
reforçar,1
reforço,1
refugiados,1
refutando,1
refém,1
regime,1
regina,1
regionais,1
regional,4
registra,1
registrado,2
registro,5
registrou,1
região,15
regiões,9
regra,1
regras,6
regulamentação,1
regular,1
regularizar,1
reinado,1
reino,1
reintegrar,1
reintegração,2
reiterar,1
reiwa,1
rejeitados,1
rejeitos,1
rel,1
relacionadas,3
relacionado,1
relacionamento,1
relacionar,1
relativizações,1
relativos,3
relatos,1
relatório,1
relação,18
relações,12
relevantes,1
rememorar,1
remédios,1
renata,1
renda,11
rendendo,1
render,2
rendo,1
renomados,1
renovar,1
renovação,2
renováveis,1
renê,1
reparando,1
reparação,1
repercutam,1
repete,1
repetida,1
repita,1
reporter,1
representa,3
representadas,1
representam,1
representando,1
representantes,6
representarem,1
reprimir,1
reproduzir,1
repudio,1
repórter,2
repórter-mirim,1
república,16
requer,1
rescindir,1
resende,1
resgatando,4
resgatar,10
resgataremos,1
resgate,3
residência,1
resistência,1
resolução,1
resolva,1
resolve,4
resolver,1
resolveram,1
respectivos,1
respeita,2
respeitado,1
respeitando,2
respeitar,1
respeitemos,1
respeito,13
respiratórias,1
respondem,1
respondemos,1
respondi,2
respondido,1
respondo,1
responsabilidade,12
responsáveis,6
responsável,3
resposta,4
respostas,1
ressaltar,1
ressalto,3
ressurreição,1
restabelecida,2
restabelecimento,1
restabeleça,1
restaurar,1
restauraram,1
restauração,1
restrição,1
resultado,5
resultados,3
resultou,1
resume,2
resumo,1
retirado,2
retomada,1
retomar,1
retomo,1
retorna,1
retornando,1
retorno,1
retração,1
retribuirmos,1
retribuo,2
retribuí,1
return,1
reuni,3
reunimos,1
reunir-se-á,1
reuniu,1
reunião,14
reuniões,4
revelado,1
revelam,2
revelará,1
revelação,1
reversa,1
revisaremos,1
revisse,1
revistas,2
revisto,1
revisão,2
revogaço,1
revogação,1
revolucionar,1
revolução,3
rezende,1
ribeirão,1
ricardo,2
ricos,1
rincões,3
rio,11
rio-santos,1
rio/rj,1
risada,1
risco,3
rito,1
rj,3
ro,1
roberto,2
rocio,1
rodada,1
rodovia,5
rodovias,7
rodoviária,1
rodoviárias,1
rodoviários,1
rodrigo,2
rombos,1
rompida,1
rondonópolis,2
rondônia,3
roraima,2
rorâima,1
rossato,1
rosário,1
rota,1
roteirista,1
rotina,1
rotineiras,1
rouanet,3
roubar,1
rr,1
rs,2
rsm/holanda,1
ruas,4
ruim,1
rumo,6
rumos,3
rurais,2
rural,1
rutte,1
rádio,2
rápida,2
rápido,4
réu,1
rêgo,3
rígida,1
rígidos,1
sabe,1
sabedoria,3
sabem,1
sabemos,7
saber,2
sacrifício,1
sacrifícios,1
safra,1
sagrada,1
sagrado,1
saia,1
saiba,9
saindo,1
sair,2
saiu,1
salas,1
saldo,5
salles,1
salobras/salinas,1
salomão,1
saludos,1
salvaguardas,3
salvamento,1
salve,1
salvini,2
salário,3
salários,2
sanar,1
sancionamos,2
sangue,1
sanitária,1
santa,4
santiago,3
santiago/chile,1
santo,2
santos,6
satisfacción,1
satisfação,8
satisfeitos,1
satélite,1
satélites,1
saudável,3
saída,1
saímos,1
saúde,22
sbt,2
schools,1
schwab,1
sec,1
seca,1
secom,1
secretaria,8
secretaria-geral,1
secretario,1
secretário,10
sede,1
segmento,1
segue,11
seguem,3
seguidas,1
seguimos,16
seguindo,2
seguintes,1
seguir,2
seguirei,1
seguiremos,1
segunda,4
segunda-feira,1
segundo,5
segurança,28
segurança.para,1
seguro,3
seguro-defeso,3
seguros,1
seio,1
seletiva,1
selva,4
semana,26
semanal,3
semanas,3
sementinha,1
semestre,1
seminaristas,1
semiárido,1
sempre,39
sen,1
senado,6
senador,2
senadores,1
senator,1
sendo,31
senhor,7
senhora,2
senhores,3
senna,1
sensacionalismo,1
sensação,2
sensibilidade,2
senso,2
sensíveis,2
sente,1
sentem,1
sentido,3
sentidos,2
sentimento,4
sentimentos,2
sentir,2
sequer,1
ser,26
serem,4
sergio,1
sergipe,1
serra,3
serve,1
servem,2
servidor,1
servidores,3
servir,2
serviço,7
serviços,16
setor,13
setores,6
severas,1
sexta,2
sexta-feita,1
señor,1
shall,2
shalom,3
shelley,1
shopping,1
si,3
sido,3
siga,1
sigam,1
sigilo,1
significa,2
significam,2
significando,1
significativa,1
significativo,1
sigo,2
silva,1
silvio,4
simples,7
simplicidade,1
simplificando,1
simplificar,2
simplificação,1
sin,1
sinal,2
sincera,1
sincero,1
sinceros,1
sindicais,1
sindical,1
sindicância,1
sinop,2
sinta,1
sinto,1
sistema,7
site,1
situação,8
situações,1
snapgram,1
sob,4
soberana,1
soberania,4
soberanias,1
sobre,63
sobrem,1
sobretudo,1
sobrou,1
sociais,6
social,11
socialismo,4
socialista,4
socializado,1
socialmente,1
sociedade,13
sociologia,1
socorro,1
sofre,1
sofrem,3
sofreram,1
sofri,1
sofrida,1
sofrido,1
sofro,1
solar,1
solares,1
soldado,2
soldados,1
solenidade,1
solidariedade,6
solidariza,1
solidarizo,2
solidários,1
soltos,1
solucionar,1
solução,3
soluções,1
soma,1
somando,2
somar,2
sombras,1
sombria,1
sombrio,1
somente,11
somou-se,1
sonda,1
sorte,1
sousa,1
sozinho,1
sozinhos,1
sp,13
sportv,1
spots,1
sr,2
sra,1
sri,1
startups,5
states,2
stf,8
strategies,1
su,1
subchefe,1
subitamente,1
subiu,1
subjetividade,1
subproduto,1
substituto,1
succeed,1
sucesso,6
sudeste,3
suficiente,1
sufoco,1
sugestões,1
sul,10
sul-americanas,1
sul-curitiba,1
supera,2
superando,1
superaremos,1
superfaturamento,1
superior,3
superou,1
supervisão,1
superávit,1
suportam,1
suporte,2
suportes,1
support,1
supreme,1
suprir,1
surge,1
suriname,1
surpresa,1
sus,1
suspeitos,3
suspendeu,4
sustentabilidade,2
sustentação,1
sustentável,2
suzano,1
suíca,1
suína,1
suínos,1
suíça,3
sábado,3
sérgio,4
série,2
sérios,1
símbolo,1
símbolos,1
sólida,1
sólidas,1
sólidos,1
t.co/0inrwylnwv,1
t.co/3ygxfuqoki,1
tabu,1
tackle,1
tal,5
talento,2
talentoso,1
tamanho,1
tange,1
tantas,3
tanto,5
tantos,2
tarcísio,3
tarde,9
taxa,3
tcheca,1
teatro,1
techd,1
tecnologia,18
tecnologias,3
tecnológica,1
tecnológicas,5
telecomunicações,1
telefone,1
telespectadores,1
tema,5
temas,6
tempo,13
temporada,4
temporariamente,1
temporário,1
tempos,1
ten,1
tende,1
tendo,1
tendência,1
tenente-brigadeiro,2
tenente-coronel,1
tentam,2
tentando,2
tentar,4
tentaram,1
tentaremos,1
tentativa,7
tentavam,1
tentou,2
ter,7
terapia,1
terceira,2
terceiro,1
terceiros,1
terminais,6
terminal,2
termo,1
terra,3
território,3
territórios,1
terror,2
terrorismo,5
terrorista,5
terroristas,1
terrível,2
terça,1
terça-feira,3
testes,1
texas,3
texto,2
thank,4
that,1
the,11
tilápia,2
time,6
tipificados,1
tipificação,2
tipo,3
tipos,1
tirania,1
tirano,1
tirar,3
tire,4
tirou,2
to,10
tocados,1
tocantins,1
tocar,1
toda,5
todas,9
todo,25
todos,119
together,1
tolerância,1
tomadas,4
tomar,2
tomava,1
tomei,1
ton,4
toneladas,10
torce,1
torcem,1
torcendo,1
torcia,1
torna,2
tornando,1
tornar,2
tornarem,1
torne,1
torno,2
tornou,2
torná-la,1
torre,1
torres,1
total,8
totalitário,1
totalizando,2
totalmente,3
trabalha,2
trabalhado,1
trabalhador,4
trabalhadoras,1
trabalhadores,1
trabalhamos,5
trabalhando,9
trabalhar,4
trabalharam,1
trabalhista,1
trabalhistas,1
trabalho,33
trabalhos,6
tradicionais,3
tradição,1
traduz,1
tradução,1
traficantes,1
tragédia,2
tragédias,2
tranquilos,1
transformar,3
transformações,1
transformem,1
transition,1
transição,2
transmissão,3
transmitida,1
transparente,1
transparência,4
transplantados,1
transplantes,1
transporta,1
transportada,1
transportar,1
transporte,6
transportes,2
transposição/ramal,1
traremos,4
trará,1
trarão,2
trata,3
trata-se,1
tratado,1
tratados,2
tratam,1
tratamento,4
tratamos,1
tratando,2
tratar,5
tratarmos,1
tratativas,1
travado,1
travou,1
traz,5
trazer,4
trazê-lo,1
traçado,1
traças,1
trecho,10
trecho.se,1
trechos,2
trens,1
tributação,1
tributária,3
tributários,1
trimestral,1
trimestre,7
tripudia,1
triste,1
troca,2
trocar,2
tropa,1
tropas,1
truly,1
trump,1
tráfego,3
tráfico,2
trânsito,1
três,2
tubarão-baleia,1
tudo,28
turismo,8
turista,1
turistas,1
turmas,2
tv,5
tweets,3
twitter,2
tá,1
tão,13
técnicas,1
técnicos,1
têm,6
tênis,1
título,1
tônica,1
ucrânia,1
ueli,1
uff,1
ultrapassa,1
ultrapassavam,1
umas,1
un,2
una,1
unam,1
unasul,4
unc/estados,1
under,1
unidade,1
unidades,11
unido,2
unidos,16
unificação,2
unimos,1
unir,2
united,3
universidade,2
universidades,3
universitário,1
universo,2
união,9
uns,1
urbana,4
urgente,3
urgentemente,2
urgência,1
urubu,1
uruguai,1
us,5
usada,2
usadas,1
usados,2
usam,1
usando,4
usaram,1
usavam,1
use,1
usem,1
usinas,1
uso,11
ustedes,1
utilidade,1
utilizada,1
utilizando,1
utilização,4
vacinação,1
vaga,1
vagas,6
vagão,1
vagões,2
vai,5
vale,3
valeixo,1
valer,1
valeu,3
validade,1
valiosa,1
valor,10
valores,10
valorizar,3
valorização,1
vamos,41
van,1
vantagem,2
variações,1
vasconcelos,1
vasto,1
vazamentos,1
vazar,1
vazão,1
veementemente,1
veemência,1
veja,4
vejam,1
vejo,1
velez,3
velho,1
velhos,1
velocidade,3
vem,12
vemos,6
vencedora,1
vencerei,1
venceremos,2
venceu,1
vendas,1
venezolanos,1
venezuela,12
venezuela.brazil,1
venezuelan,1
venezuelano,1
venezuelanos,6
vença,1
ver,2
verbas,1
verdade,16
verdadeira,2
verdadeiramente,1
verdadeiro,3
verdadeiros,2
verde,1
verde-mt,1
vereadores,3
vergonhosa,1
verificadas,1
verificando,1
versão,1
verão,1
vestígios,1
veterinária,1
vez,29
vezes,7
veículos,3
vi,2
via,40
viabilizam,1
viabilizar,2
viaduto,1
viadutos,2
viagem,6
viagens,5
viajantes,1
vias,2
vice-premier,1
vice-presidente,2
victor,1
vida,16
vidas,2
videoconferência,1
viemos,3
vigentes,1
vigência,1
viktor,1
vila,3
vilalva,1
villas,1
vimos,1
vindo,1
vinham,1
vinicius,1
violento,3
violência,7
vir,3
virtual,1
virá,3
virão,1
visa,6
visam,3
visando,1
visava,1
visavam,1
visita,8
visitar,2
vista,2
vista-roraima,1
visto,4
vistoriar,1
vistos,2
visão,1
vitais,1
vitimismo,1
vitimizem,1
vitor,1
vitoriosos,1
vitória,10
vitória-es,1
vivam,1
vive,1
vivem,3
vivemos,1
viverem,2
vivia,1
vivo,6
vivos,1
vivência,1
vivêssemos,1
vizinho,1
vizinhos,1
viés,4
voar,1
volei,1
volta,3
voltam,1
voltamos,1
voltando,5
voltar,3
voltarmos,1
volte,2
voltem,1
voltinha,1
volume,3
vontade,1
vontades,1
voos,4
votada,1
votação,2
voto,1
votos,1
voz,3
vá,1
válido,1
várias,2
vários,4
vão,1
véspera,1
vêm,2
vícios,1
vídeo,4
vídeoconferência,1
vínculos,1
vítima,2
vítimas,10
vítoria,1
wagner,1
was,1
washington,1
we,3
weintraub,1
wi-fi,1
will,2
words,2
xadrez,1
xeque,1
xico,1
xingam,1
yasmim,3
york,1
yossi,1
you,4
your,1
youtube,16
zambrano,1
zelândia,1
zerados,1
zeramos,1
zero,3
zimbabué,1
zombar,1
zona,1
zoológico,1
¡dios,1
¡fuerza,1
¡un,1
áfrica,1
ágil,1
água,7
águas,2
árabes,2
árabés,1
árduo,1
área,9
áreas,18
âmbito,1
ídolo,1
ímpar,1
índia,3
índice,1
índices,1
índios,5
ódio,1
óleo,2
órgãos,9
ótima,1
ótimas,1
ótimo,2
ônibus,2
última,5
últimas,5
últimos,14
única,2
único,3
únicos,1
