"1,1mi"
30bi
7milhões
abacates
abandonaríamos
abandono
abastecem
abastecimento
abbraccio
abençoa
abençoe
aberta
aberto
abertos
abertura
abordados
abordando
abpa
abraham
abrange
abrazo
abraço
abre
abril
abrir
abrirei
abrirmos
abrirá
absorvendo
absorver
absurdas
abutre
ac
acaba
acabamos
acabar
acadêmica
acadêmicas
acadêmico
acarretar
according
aceitamos
aceleramos
aceleração
acessar
acessaram
acesse
acessibilidade
acesso
achar
acharem
acho
acidente
acima
acionistas
acolhimento
acompanha
acompanhada
acompanhado
acompanhando
acompanhar
acontece
acontecendo
acontecer
acontecimento
acontecimentos
aconteçam
acordada
acordo
acordos
acordou
acre
acreditando
acredito
acréscimo
acusam
acusando
acusar
acusações
adalberto
adesão
adianta
adiante
adiantou
adivinha
adjunta
adm
administrado
administração
admirável
admissões
adolescentes
adorados
adoção
advocacia
advocacia-geral
advogado
adélio
aeronaves
aeronáutica
aeroporto
aeroportos
aeroportuárias
aeroportuário
afastada
afastados
afeta
afetada
afetadas
afetados
afetar
afetará
afetou
afinco
afinidade
afora
age
agenda
agentes
agilidade
agilizando
agilizar
agir
agirem
agiu
agora
agostinho
agosto
agrada
agradece
agradecemos
agradecer
agradeço
agradou
agradáveis
agradável
agreguem
agressividade
agreste
agricultores
agricultura
agrishow
agronegócio
agrária
agrícola
agu
aguarda
aguardamos
aguardando
aguardar
aguardo
aguenta
agência
ainda
ajuda
ajudando
ajudar
ajudas
ajudou
akihito
al
alagoas
alavancando
alavancar
alcance
alcançado
alcançados
alcançamos
alcançaremos
alcoólica
alcântara
alegre
alemanha
alemão
alexandre
alfabetização
algo
algodão
algum
alguma
algumas
alguns
alguém
ali
alia
aliado
aliados
alianças
alimentado
alimentar
alimentação
alimento
alimentos
alinhados
alinhamento
aliviar
alma
almeja
almejamos
alo
alquimia
alta
alternativa
alternativas
alternativos
alto
altura
alunos
alvarás
alvo
alvorada
além
alívio
am
amada
amado
amadurecimento
aman
amanhã
amapá
amarras
amazonas
amazônia
amazônica
ambas
ambientais
ambiental
ambiente
ambições
ambos
ameaça
ameaçadas
ameaçava
america
american
americana
americano
amiga
amigo
amigos
amistomo
amizade
amo
amor
amp
amparados
amparo
ampla
amplamente
amplia
ampliar
ampliação
américa
analisado
analise
and
andamento
andanças
andar
andrej
andrzej
andré
animado
animais
animal
anime
animes
aninhos
anistia
aniversário
ano
anos
anseios
ansiosamente
ante
anterior
anteriores
anteriormente
antes
anti
anti-americano
anti-crimes
anti-intelectualismo
anticrime
anticrimes
antigo
antonio
antártica
anuais
anual
anulando
anulei
anuncia
anunciadas
anunciamos
anunciar
anunciarmos
anunciei
anunciou
análise
anúncio
ap
apagou
aparados
aparecem
aparecesse
aparelhadas
aparelhamento
aparelhou
apelo
apenas
aperfeiçoa
apesar
apex
aplicabilidade
aplicado
aplicados
aplicam
aplicativos
aplicações
apoiada
apoiado
apoiam
apoiamos
apoiando
apoiar
apoio
aponta
apontam
apontou
aposentadoria
aposentadorias
aposentados
appreciate
apreciada
apreciação
aprecie
apreendeu
aprender
aprendidos
aprendizes
apresentado
apresentador
apresentamos
apresentando
apresentar
apresentaremos
apresentação
apresentou
aprimorar
aprisiona
aprofundar
aprovada
aprovadas
aprovar
aprovação
aprove
aproveitei
aproveito
aproveitou-se
aprovemos
aprovou
aproxima
aproximadamente
aproximando
aproximações
aproxime
apurar
apuração
apurou
após
apóstolo
aquecendo
aquecer
aqui
aquicultura
aquisição
ar
aracaju
aracaju-se
araoz
araújo
arbitrária
arcaica
argentina
argentino
arma
armadas
armados
armamentistas
armas
arquimedes
arrecadar
arrendados
arrendamento
arruinar
arruinaram
artes
articula
artificiais
artigos
artista
artistas
ascensão
asfaltará
asilo
assaltar
assassinado
assassinato
assassinatos
assassino
assassinos
assegurar
assembly
assembléia
assentamentos
assentos
assessor-chefe
assessoria
assim
assinada
assinado
assinamos
assinantes
assinaram
assinaturas
assinei
assinou
assista
assistir
assistiram
assistirá
assistência
associar
associação
assola
assolam
assumed
assumimos
assumir
assumirá
assunto
assuntos
assustam
astronauta
atacadas
atacava
ataques
atendado
atende
atendendo
atender
atendida
atendidas
atendidos
atendimento
atendimentos
atentado
atentamente
atento
atenção
aterrorizada
aterrorizam
atestados
atingidos
atingindo
atingir
atingiu
atiradores
atitudes
atividade
atividades
ativos
atletismo
ato
ator
atos
atracar
atraindo
atrair
atrairemos
atrapalhado
atrapalham
atrapalhando
atraso
atrativo
atravessa
através
atrito
atrás
atuais
atual
atualmente
atuam
atuando
atuar
atuação
auditoria
auditorias
audiência
aula
aulas
aumenta
aumentado
aumentam
aumentamos
aumentando
aumentar
aumentará
aumento
austrália
ausência
autenticação
autoagridem
automatizado
automática
automático
automáticos
autonomia
autor
autoridade
autoridades
autoritarismo
autorizou
autódromo
auxiliares
auxílio
auxílio-reclusão
avaliada
avaliação
avancem
avançadas
avançando
avançar
avançaremos
avanço
avanços
aviação
ayrton
ação
ações
aérea
aéreas
aéreo
aéreos
aí
babis
back
bahia
baianos
baixada
baixar
baixo
baixos
balança
balé
banais
banco
bancos
bancário
banda
bandeira
bandeirantes
bandeiras
bandido
bandidos
bando
banzai
barata
barateamento
baratear
baratos
barco
barrado
barragem
barragens
barros
base
baseada
baseado
bases
basquete
bastante
batalhas
bate
batendo
bateria
bateu
battisti
bb
be
bebida
belo
belos
belém
bem
bem-estar
bemvindo
beneficia
beneficiando
beneficiaram
beneficiários
benefício
benefícios
bens
benéficas
bermudez
bi
bibi
big
bilaterais
bilateral
bilateralidade
bilhete
bilhão
bilhões
bilhões/ano
billy
bimestre
bini
biológico
biotecnologia
bispo
bitcoins
blair
bless
bloco
bloomberg
bndes
boa
boas
boatos
boechat
boeing
bogotá
boletim
boleto
bolivariana
bolsa
bolshoi
bolsonaro
bolsonarosp
bolívia
bom
bombeamento
bombeiros
bonitos
bons
borracha
bovinos
bpm
br
br-101/al
br-101/rj
brasi
brasil
brasileira
brasileiras
brasileiro
brasileiros
brasilidade
brasília
bravas
bravos
bravura
brazil
brazilian
braço
braços
breve
brevemente
breves
brigado
brilhante
brilhantes
bring
brito
brumadinho
brumadinho-mg
brumadinho/mg
burlar
burocracia
burocracias
busca
buscado
buscam
buscamos
buscando
buscar
buscaremos
buscará
bush
by
básicas
cabeceira
cabedelo
cabedelo/pb
cabeludo
cabeça
cabotagem
cabíveis
cacau
cacs
cada
cadastro
cadastros
cadeia
caem
caged
caindo
cais
caiu
caixa
caixas
calculadora
caldo
calorosa
cambará
camboriú/sc
camina
caminar
caminha
caminhando
caminhará
caminhei
caminho
caminhoneiros
caminhos
caminhão
caminhões
campanha
campina
campinorte-go
campo
canadá
canais
canal
canalhice
cancelamento
cancelou
candidatos
canela
caneta
canguru
cantor
canuto
caos
capacidade
capanema/pr
capilarização
capitais
capital
capitalismo
capitão
captação
captura
capturar
cara
caracteriza
caravana
carbono
carente
carentes
carga
cargas
cargo
cargos
carinho
carlos
carnaval
carne
carnes
caro
carregar
carrego
carreira
carreta
carro
carrregam
carteira
cartão
cartório
caráter
casa
casal
casamento
casas
cascavel
caso
casos
castello
castilho
catarina
catastrófica
catedral
cativante
catástrofe
causa
causada
causados
causar
causou
cazaquistão
caça
caçadores
caótica
ce
cearense
ceará
cedida
cedidas
cedo
cef
celebrava
celebração
celular
celulares
censura
censurar
centavo
centenas
central
centro
centro-oeste
centro-sul
centros
cenário
ceos
cerca
cerimônia
certamente
certeza
certo
certos
cervejeiro
cesare
cevada
cgu
chama
chamada
chamadas
chamado
chamam
chance
chancelamento
chanceler
chantagens
charge
chefe
chefes
chefia
chega
chegada
chegam
chegamos
chegando
chegar
chegará
chegou
chico
chile
chileno
chilenos
china
chinês
choque
choro
christchurch
chrystia
chuvas
chávez
chão
cibersegurança
ciclo
ciclone
cidadania
cidade
cidadã
cidadão
cidadãos
cientistas
científica
científicas
científicos
cifras
cima
cimento
cinema
circulação
cirurgia
cirurgias
cisco
cita
citadaos
citadas
citam
citando
citizens
civil
civis
ciência
ciências
claro
claros
classes
clia
clichês
clima
climb
climáticas
cláusulas
cmsp
cobertura
cobra
cobrados
cobrando
cobrança
cobrar
cofres
colaboração
colecionadores
colega
coleta
colhido
colocamos
colocando
colocar
colocaremos
colocação
colocou
colocou-se
colombia
colombianos
colonização
colégio
colômbia
colônia
comandado
comandante
comandantes
comando
combate
combate-los
combatendo
combater
combatermos
combustíveis
combustível
comediante
comemora-se
comemoramos
comemorativa
comendo
comentado
comentarista
comentou
comer
comerciais
comercial
comercializadas
comercialização
comercio
comestível
cometa
comete-se
começa
começam
começamos
começaram
começo
comissionados
comissão
comitê
companheiro
companheiros
companhia
companhias
comparado
comparando
comparar
comparação
compartilhadas
compartilhar
compensa
compensação
competente
competitividade
competição
complementamos
completamente
completo
complexo
complexos
compor
comporemos
composto
compra
comprando
compras
compreendendo
compreendo
compromisso
compromissos
comprovada
comprovadamente
comprovou
computadores
compõem
comum
comungados
comunicador
comunicação
comunico
comunidade
comunismo
comunistas
comércio
con
concede
conceder
concedida
concedidos
concentrado
concessão
concessões
conclui
concluir
concluiu
conclusiva
conclusão
conclusões
concluída
concorrência
concorrências
concretos
concursado
concurso
conde
conde/pa
condena
condenados
condenação
condeno
condensado
condições
condolências
conduzir
conectados
conectar
conexão
conferência
confessou
confiabilidade
confiante
confiança
confira
confirmam
confirmou
conforme
conforta
confortar
conforte
congratulazioni
congresso
conhece
conhecedor
conhecer
conhecereis
conheci
conhecida
conhecidas
conhecido
conhecimento
conhecimentos
conheça
conjunta
conjuntas
conjunto
conosco
conquista
conquistar
consciente
conscientização
consciência
conseguimos
conseguir
conseguiremos
conseguirão
conseguiu
conselho
conselhos
consequentemente
consequência
consequências
consertar
conservadora
consideración
consideradas
consideramos
considerando
considerar
consideravelmente
consideração
consigam
consigo
consiste
console
consolida
consolidados
consolidação
constantemente
constantes
constança
constatei
constitucional
constituir
constituite
constituição
constitution
constituídas
construindo
construir
construção
constrói
consultor
consumidor
consumidores
consumo
conta
contados
containers
contas
contato
conte
contem
contempla
contemplados
contemplar
conter
contexto
continente
contingenciamento
continham
continua
continuamos
continuar
continuaremos
continuará
continuarão
continue
continuem
continuidade
conto
contra
contramão
contrariou
contratadas
contratar
contratação
contrato
contratos
contribuindo
contribuinte
contribuintes
contribuição
controladoria
controladoria-geral
controlamos
controlar
controle
contrárias
contrário
contudo
contínua
conversa
conversado
conversamos
conversando
conversar
conversas
conversemos
conversou
converte
convicções
convidar
convido
convite
conviver
convocação
convoquei
conxteto
cooperar
cooperation
cooperação
cooptar
coordenado
coordenador
coordenados
coordenação
copacabana
coppead/ufrj
coragem
coração
corações
corpo
corporais
corporativa
corporativo
corredor
correios
corrente
correr
corrigida
corrigindo
corrupto
corruptos
corrupção
corrêa
cortará
corte
cortes
cortou
coréia
costa
costas
cotidiano
coube
country
court
covardia
credibilidade
creio
cresce
crescem
crescendo
crescer
cresceu
crescimento
cria
criada
criado
criados
criadouros
criam
criando
criança
crianças
criar
criaram
criação
crime
crimes
criminalidade
criminalização
criminoso
criminosos
criou
criptomoeda
crise
cristo
cristã
criticam
critério
critérios
crivo
crueldade
cruz
cruzeiros
crédito
crítica
críticos
csll
cttd
cuba
cubana
cubanos
cuhk/china
cuiabá
cuidado
cuidar
cuidaram
cuja
cujo
culpariam
cultura
cultural
culturas
cumpri-la
cumprida
cumprido
cumprimento
cumprimentos
cumprindo
cumprir
cura
curados
curriculo
currículo
curso
curta
curto
custando
custar
custas
custo
custos
custódia
cv
cybersegurança
câmara
câncer
célio
cérebro
césar
d.o.u
dada
dado
dados
damares
dando
daniel
danos
dança
daquele
daqueles
daqui
dar
daremos
data
datafolha
davam
davi
davos
day
dear
debate
debatidas
decidam-se
decide
decidida
decidimos
decidir
decidiu
decisivo
decisão
decisões
declaradamente
decolar
decorrência
decretamos
decreto
decretos
dedicando
defeitos
defende
defendendo
defender
defendeu
defendi
defendo
defensa
defensor
defensores
defensoria
defesa
deficientes
deficitária
deficiência
define
definiremos
definitiva
definitivamente
definitivo
definição
deflagrados
deflagrando
deflagrou
deixa
deixa-nos
deixada
deixadas
deixados
deixam
deixamos
deixando
deixar
deixaram
deixemos
deixou
delegacia
demais
demanda
demandas
demarcado
demissão
demissões
democracia
democracy
democrática
democráticas
demonstra
demoradas
demorado
demorando
demos
dentre
dentro
denunciei
depende
dependem
depheliolopes
deputado
deputados
derivados
derivaremos
derivações
derrota
derrubar
derrubaram
desabamento
desafia
desafio
desagradando
desanimá-los
desaparecidos
desaparecimento
desarmar
desarmou
desastre
desburocratizando
desburocratizar
desburocratização
desburocratizações
descansaremos
descanse
descentralizar
descentralização
descobre
desconfiança
desconfiem
desconforto
desconhecia
desconhecido
desconstrução
desconstruída
desculpas
desde
desejamos
desejando-lhes
desejar
desejaram
desejo
desejo-lhe
desemprego
desencadearmos
desencadeia
desenhos
desenvolvem
desenvolvemos
desenvolvendo
desenvolver
desenvolvidas
desenvolvido
desenvolvidos
desenvolvimento
desestabilizar
desfaz
desfazer
desfeitos
desgastar
desgoverno
desidratar
desinchando
desinchar
desinformado
desinformação
desinformações
desinteressantes
desistirá
deslocamento
desmantelar
desmatamentos
desmente
desmentida
desmentindo
desmonta
desmontada
desmotivando
desnecessários
desobstrução
desonestos
desordem
despachando
desprovida
desregulamentar
desrespeitados
dessa
dessalinização
dessas
desse
desses
desta
destaca
destacando
destacarmos
destaco
destacou
destaquei
deste
destes
destinados
destinar
destinará
destinação
destino
destinos
destravar
destravarão
destroem
destruindo
destruir
destruiu
destruição
destruída
destruíram
desumano
desviará
desvios
desvirtuar
detalhes
determinados
determinamos
determinar
determinaram
determinação
determinei
detrimento
deus
deva
devastação
deve
devedor
devedores
devem
devemos
devendo
dever
deveria
deverá
devidamente
devido
devolvemos
devolvê-los
dezembro
dezenas
df
dh
di
dia
diante
diariamente
dias
diesel
diferenciais
diferencial
diferente
diferentes
diferença
dificuldade
dificuldades
dificulta
dificultada
difíceis
difícil
digam
digitais
digital
digitalizados
digitalização
digna
dilma
diminui
diminuindo
diminuir
diminuição
dinamismo
dinheiro
diniz
diplomaticamente
direcciones
direcionado
direcionados
direcionamento
direcionamentos
direito
direitos
diretamente
direto
diretor
diretor-geral
diretos
diretrizes
direção
direções
dirá
dirão
discriminação
discursa
discursam
discurso
discutem
discuti-la
discutida
discutimos
dispensas
dispersão
disponibilizados
disponíveis
disponível
dispositivos
disposição
disposto
dispõem
disse
dissemos
disseram
disso
distante
distinção
disto
distorcer
distorcidas
distorções
distribuição
distribuída
distrito
distância
ditador
ditadura
ditaduras
dito
diversas
diversidade
diversificar
diversos
divide
dividendos
divididas
divididos
dividir
dividiu
divisão
divulga
divulgado
divulgados
divulgando
divulgação
diz
dizem
dizer
diálogo
diária
diárias
diário
doce
docente
documento
documentos
doenças
dois
dominação
domingo
doméstico
domésticos
donos
doou
dor
dorsal
dou
doutor
doutrinado
doutrinar
doutrinação
drasticamente
droga
drogas
duas
duda
duplicado
duplicação
duque
dura
duramente
durante
duras
duro
dá
dão
décadas
décimo
déficit
dívida
dívidas
dólar
dólares
dúvidas
e/ou
ecomomia
economia
economia.o
economias
economically
economicamente
economizando
economizará
econômica
econômicas
econômico
econômicos
ecossistemas
ecoturismo
edgar
editada
editores
edição
eduardo
educacionais
educada
educam
educational
educação
efeitos
efetiva
efetivamente
efetividade
efetuadas
eficazes
eficiente
eficientes
eficiência
egade-itesm/méxico
eixo
elaborado
elaborou
eleito
eleitos
eleição
eleições
eletrônico
eletrônicos
elevação
eliane
eliminar
eliminação
elétrica
embaixada
embaixador
embaixadores
embarcados
embarcar
embarcações
embarcações-serviço
embarco
embora
embraer
embrapa
embratur
embrionários
emendas
emergencial
emergentes
emirados
emissora
emissão
emocionar
emoção
empenhada
empenhados
empenho
emperra
empreendedor
empreendedorismo
empregabilidade
empregado
emprego
empregos
empresa
empresariais
empresas
empresário
empresários
empréstimos
empurra
en
enaltece
encaminhadas
encaminhado
encaminhará
encarece
encarregado
encerram
encerrar
encerrou
encontra-se
encontrarei
encontrei-me
encontro
encontrou
encouragement
endereço
endividamento
endorsed
endurecendo
endurecer
endurecimento
enem
energia
energético
enfermeiros
enfoque
engenharia
engenheiro
english
englobando
enorme
enquanto
enriquecimento
ensina
ensinadas
ensinando
ensinar
ensino
entenda
entendem
entender
entendimento
entidade
entidades
entra
entrada
entrar
entrarei
entraremos
entrega
entregou
entreguei
entregues
entrevista
entrevistado
entrou
então
enviada
enviaremos
envio
envolvam
envolvendo
envolvido
envolvidos
enxugamento
enxugar
enxuta
equador
equilíbrio
equipados
equipamentos
equipe
equipes
equivalente
equivalência
equívocos
erguida
ernesto
erosão
errada
errado
erário
es
escala
esclarece
esclarecedora
esclarecedores
esclarecendo
escoamento
escola
escolar
escolas
escolha
escolheram
escondida
escoramento
escravas
escravidão
escravizado
escreve
escrita
escrito
escritório
escusas
escutemos
esfera
esferas
esforços
esgotamento
esmagadora
espacial
espalhado
espalham
espaço
espaçonaves
espaços
especial
especialistas
especificidade
especíco
específico
específicos
esperado
esperam
esperamos
esperança
esperanças
esperar
espero
esperta
espertos
espetacular
espinha
espiritualidade
espontaneamente
espontânea
esporte
esportiva
esportivos
esposa
espírito
espúrias
esquecendo
esquecida
esquecidas
esquema
esquerda
esquerdista
esquerdo
esqueçamos
essenciais
essencial
estabelece
estabelecer
estabelecidas
estabelecimento
estabilidade
estabilizar
establishment
estado
estados
estaduais
estadão
estar
estarei
estarem
estaremos
estaria
estariam
estarmos
estarão
estaríamos
estatais
estatal
estação
estendo
esther
estima
estima-se
estimativa
estimulando
estimular
estoque
estradas
estrago
estrangeiras
estrangeiro
estrangeiros
estranheza
estrategicamente
estratégias
estrela
estrutura
estrutural
estuda
estuda-se
estudados
estudamos
estudo
estudos
estupros
estágio
estãos
estímulo
etapa
etc
eua
europa
europeu
europeus
evento
eventuais
eventualmente
everything
evitar
evoluamos
evoluindo
evoluir
evoluirmos
evoluirá
evolução
ex-dnit
ex-filiado
ex-integrante
ex-prefeito
ex-presidente
ex-programa
ex-superintendente
exames
exatamente
exaustivamente
excelente
excelenteinício
excelentes
excelentíssimo
excelência
excesso
exclusiva
exclusivamente
executiva
executivo
exemplo
exemplos
exercer
exercida
exercícios
exige
exigente
exigimos
exigirem
exigiu
exigência
exilado
exista
existe
existentes
existir
existiram
existiu
existência
expandindo
expandir
expansão
expansões
expectativa
expectativas
experiência
experiências
explanado
explanação
explica
explicamos
explicando
explicação
explicitado
explodir
explodiram
exploradas
explorados
explorar
exploração
explosão
expondo
expor
exportadores
exportações
exposição
expostos
expressar
expressiva
expressivos
expressou
expressão
expus
expusemos
expõe
ext
extensão
exterior
exteriores
externa
externas
externo
externos
extingue
extinções
extrapolá-la
extração
extrema
extremamente
extremismo
exército
fab
fabricadas
facada
facebook
facilitador
facilitar
facilitará
facilitação
facilmente
faculdades
faixa
fake
fakenews
fala
falamos
falar
falaram
falecimento
falei
falou
falsa
falsas
falsos
falta
falácias
familia
familiar
familiares
famosos
família
famílias
fantoche
farei
faremos
faria
farsa
fará
farão
faríamos
fase
fases
fatais
fatal
fato
fatores
fatos
faturamento
favor
favoráveis
favorável
faz
fazem
fazemos
fazendo
fazer
fazê-las
feb
fecha
fechamento
fechou
federais
federal
federativa
federativo
feeling
feira
feita
feito
feitos
felicidade
felicidades
felicitações
feliz
fenômeno
feridas
ferido
feridos
feriu
ferramenta
ferrovia
ferrovias
ferroviária
ferroviário
fertilizantes
festa
festejado
fev
fevereiro
fez
ffaa
fgv
fgv/brasil
fiat-chrysler
fica
ficar
ficariam
ficará
ficarão
ficasse
ficha
fico
ficou
fidel
figueiredo
filas
filha
filho
filhos
filiais
filipe
filme
filosofia
filtrar
filósofo
fim
final
finalidade
finalizados
finalmente
financeiro
financeiros
financiada
financiamento
financiar
finanças
finge
fiquemos
firmada
firmado
firmados
firmam
firmar
firmas
firme
firmei
firmes
fiscais
fiscal
fiscalizadora
fiscalizando
fiscalizar
fiscalizará
fiscalização
fisicamente
fisiológicas
fisioterapeutas
fisioterapia
fixa
fiz
fizemos
fizeram
fizessem
flamenguista
flexibiliza
flexibilização
florescer
floresta
fluminense
flávio
foca
focadas
focar
foco
focos
fogo
foguete
foguetes
folha
fomentar
fomento
fonte
fontes
forma
formada
formados
formais
formal
formalizou
formar
formarem
formarmos
formas
formação
forming
fornecer
fornecimento
foro
fortalece
fortalecendo
fortalecer
fortaleza
forte
fortemente
fortes
fortíssima
força
força-tarefa
forças
foto
fraco
francisco
francês
frango
fraternidade
fraterno
fraudes
freeland
frente
frentes
frequentadores
friendship
frisarmos
from
fronteira
frota
frustra
frustrar
fruto
fuerte
fuerza
fugiram
funai
funciona
funcionam
funcionamento
funcionário
funcionários
functions
fundamentais
fundamental
fundo
função
funções
fuso
futebol
futuras
futuro
fábrica
fé
férias
física
fórmula
fórum
gabinete
gabriel
gain
gangues
ganha
ganham
ganhando
ganharão
ganhe
ganhos
garante
garantia
garantias
garantidos
garantir
garantiremos
garbage
garcia
gargalo
gasta
gastando
gastava
gasto
gastos
gastou
gato
gaza
geisel
gelatina
general
generalizada
generalizado
gente
gentileza
genéticos
george
gera
geradas
gerado
gerais
geral
gerando
gerar
gerará
geração
gerações
gere
gerem
gerente
gerou
gerência
gestor
gestão
gestões
get
gideões
gigantes
gigantesca
gigantesco
gigantescos
gil
gilson
ginástica
gira
girar
giuliani
global
globalista
globo
globonews
go
gobiernos
god
goiás
golpe
gomes
google
gordura
gostaria
gostaríamos
gostem
governador
governadores
governar
governo
governos
gracias
gradativamente
graduações.vamos
grafeno
gran
grande
grande-pb
grande/pb
grandes
gratificações
grato
grau
gravando
gravação
grave
graças
great
greves
gripe
grupo
grupos
grãos
gsi
gte
guaidó
guararema
guardiões
guarujá
guarulhos
guedes
guerra
guerreiras
guerreiros
guiana
guimarães
h45min
habilidade
habitantes
habitação
habite
habituais
haddad
haiti
hannah
hannan
harmonia
hashtag
hasteamento
have
havendo
haver
haveria
haverá
havia
hd
head
heiko
heleno
helicóptero
hemisfério
heraldo
herança
hermanos
herói
heróis
hipnotizada
hipocrisia
hipótese
história
histórica
histórico
históricos
hj
hoje
holanda
holocausto
homenagem
homenagens
homens
homicídios
homofobia
honestos
honraria
honrosa
hora
horas
horizonte-mg
horário
hospedaremos
hospitais
hospital
hospitalar
hospitalares
hotelaria
house
hs
https
hugo
humana
humanas
humanidade
humanitária
humanitário
humanitários
humanos
humildes
hungria
hábitos
hélio
húngaro
ibama
ibge
iconha
ida
idade
idai
ideais
ideal
ideia
ideias
identidade
identificados
identificando
identificar
identificou
ideologia
ideologias
ideologicamente
ideológica
ideológicas
ideológico
ideológicos
idosa
igarapé
igarassu
ignorada
ignorando
ignorar
ignore
igrejas
iguais
igual
igualitária
ii
ii-gm
ilegal
ilegalmente
ilegítimo
ilhabela
iluminação
imagem
imagens
imagina
imaginaríamos
imagine
ime
imediato
imensamente
imigrantes
imigração
iminente
impactado
impacto
imparcialidade
impeachment
impecável
impedidas
impedimento
impedir
imperador
imperou
impeçamos
implantação
implementadas
implementar
implementação
implementações
impopulares
impor
importa
importando
importante
importantes
importantíssimo
importar
importação
importações
importância
impositivo
impossibilitada
impossível
impostas
imposto
impostos
imprensa
impressora
impressões
imprime
impulsionado
impulsionamento
impunidade
imóveis
in
inacabadas
inacreditável
inaugura
inauguramos
inauguração
inaugurou
incansavelmente
incapacidade
incd
incendiar
incentivo
incentivos
incentivá-la
incessante
inchado
incineração
inclui
incluindo
incluirá
inclusive
inclusão
incluída
incluídos
incra
incremento
incriminar
incuindo
incêndio
indeferidos
indentificadas
independente
independência
indevidamente
indevidos
indiano
indicado
indicando
indicação
indiretos
indiscriminada
indispensáveis
indispensável
indisponibilidade
individuais
individual
individualidade
indivíduo
industrial
induzidos
induzindo
indícios
indígena
indígenas
indústria
indústrias
inelutável
infantil
infelicidade
infelizmente
inflação
influenciou
influência
informa
informado
informamos
informar
informatização
informação
informações
informe-se
informo
informou
infraestrutura
ingenuidade
inglês
ingresso
inicia
iniciada
iniciais
inicial
iniciar
iniciaram
iniciativa
iniciativas
inicio
inimigos
injetados
injetou
injustificável
inocente
inova
inovação
inovações
inscreva-se
insegurança
inserção
insista
insistentemente
inspeção
inspirando-se
inspiração
inss
instagram
instalados
instalações
instantes
institucional
institui
instituição
instituições
instituto
instância
integrada
integrado
integral
integralidade
integrando
integrantes
integrar
integração
integridade
integrou
inteira
inteiro
intelectual
inteligentes
inteligência
intencional
intensa
intensas
intenção
intercâmbio
interessa
interessados
interessam
interessante
interessantes
interesse
interesses
interferência
interligando
interligação
intermediação
intermédio
interna
internacionais
internacional
internas
internet
interno
internos
interseção
intervenção
intuito
invadidos
invadir
invasões
inventa
inventando
inventarem
invenções
inversão
investiam
investidor
investidores
investigar
investigação
investimento
investimentos
investir
inviolável
invés
inédita
inês
início
inúmeras
inúmeros
ir
iria
irmã
irmão
irmãos
irpj
irregular
irresponsabilidade
irresponsável
irrigada
irrigação
irá
irão
is
isenta
isenção
islâmicos
isoladas
isolados
israel
israelense
israelenses
it
itaguaí
itajaí/sc
italiana
italiano
itapissuma
itália
ivan
jair
jamais
jan
janeiro
jantar
japonês
japão
jato
jeito
jerusalém
jesus
jogados
jogar
jogaram
jogo
joinville
jorge
jornada
jornais
jornal
jornalismo
jornalista
jornalistas
jornalistica
josé
jovem
jovens
joão
jr
juan
juazeiro
judaica
judeus
judicial
judiciário
juiz
julho
junho
juntamente
juntas
junto
juntos
jurisdição
jurídica
jurídicos
justa
justice
justiça
justo
juventude
juízes
jóias
kingdom
kirchners
kits
kkkk
kkkkk
kkkkkk
kkkkkkk
kkkkkkkk
kkkkkkkkk
kkkkkkkkkk
kkkkkkkkkkkk
km
la
lacração
lacuna
lado
lama
lamentando
lamentavelmente
lamento
lamentável
lance
lanchonete
lanka
lança
lançada
lançadas
lançado
lançados
lançamento
lançamos
lançar
lançaram
lançaremos
lançará
lançou
larga
largos
las
lasier
latam
latina
lava
lava-jato
lazer
laços
legado
legal
legalidade
legislativo
legislação
legítima
legítimas
legítimo
lei
leia
leiloadas
leiloado
leilão
leilões
leis
leite
leitor
leitura
lembranças
lembrar
lembro
ler
leste
lesões
letalidade
levadas
levando
levantados
levantamento
levantar
levar
levaremos
levaria
levará
levarão
levem
levou
libera
liberadas
liberado
liberal
liberação
liberdade
liberdades
liberta
libertará
libertá-los
libras
licenças
licitação
liderança
ligada
ligado
ligados
ligamos
ligação
liguei
limite
limpa
limpas
limpeza
linha
linhas
link
live
lives
livre
livres
lixo
locais
local
localizadas
localizado
locupletará
loen
logo
logística
logístico
logísticos
longas
longe
longo
lopez
los
lot
louvável
lowest
lucas
lucram
lucro
ludibriar
lugar
lugares
luiz
lula
luta
lutamos
lutar
luz
luís
lá
líder
líderes
líquido
lógica
ma
maas
macapá
macaé
macaé-rj
maceió
maceió-al
machado
mackenzie
maconha
madeira
madeiro
maduro
maia
maio
maio.muita
maior
maiores
maioria
major
mal
malawi
maldade
maldosa
maldosos
males
malfeitos
malha
malte
malária
malásia
manchetes
manda
mandato
mando
mandá-lo
maneira
manhã
manifestada
manifestantes
manifestação
manifestações
manifesto
manifestou-se
manipuladas
manipuladora
manipular
manobra
mansoori
manter
manterem
mantida
mantido
manutenção
mapa
mapear
maquinários
mar
maranhense
maranhão
marca
marcante
marcar
marcelo
marcia
marco
marechal
marginais
marginal
maria
mariana
mariangela
marinha
marinhas
marinho
mariotti
marito
mark
marmita
martins
marxist
março
marítimos
massa
massacrado
massacre
mata
matar
material
matou
matriculados
matricularam
matrizes
matéria
matérias
matérias-primas
maurer
maurício
mba
mclaren
mec
mecanismos
mediante
medicamentos
medicina
medida
medidas
medina
medição
medo
meio
meios
melhor
melhora
melhoram
melhorando
melhorar
melhore
melhores
meliantes
membro
membros
memória
mendonça
menina
menor
menores
menos
mensagem
mensagens
mensalão
mente
mentes
mentir
mentira
mentiras
mercado
mercedes
merece
mergulho
mergulhos
meses
mesma
mesmas
mesmos
mesquitas
mestrado
mestre
meta
metas
meteoro
metropolitana
metros
metrô
mg
mi
michelle
migalhas
migratório
miki
mil
milhares
milho
milhão
milhões
milhões/ano
militante
militantes
militants
militar
militares
militância
milliany
miltar
mim
min
minas
minimizar
minimizá-lo
ministeriais
ministerial
ministerio
ministra
ministro
ministro-chefe
ministros
ministério
ministérios
minoria
minutos
mira
miramar
miscigenado
missão
mista
mobilidade
mobilizou-se
moda
modais
modelo
modernas
moderniza
modernização
modifica-los
modificações
modo
moeda
mofado
momento
monopólio
monstruosidade
montagem
monte
moradores
moretti
moro
morrêssemos
mortal
morte
mortos
mostra
mostrado
mostrados
mostramos
mostrando
mostrar
mostrarei
mostrou
mostrou-se
motivo
motivos
moto
motorista
movimentar
movimentaram
movimentação
movimentações
movimento
movimentos
moçambique
mp
mpf
mr
mst
mt
mtst
muchas
muda
mudando
mudança
mudanças
mudar
muita
muitas
muitos
mulher
mulheres
multa
multas
multidão
mundiais
mundial
mundo
municipais
município
municípios
murilo
mutirão
má
máquina
mário
máxima
máximo
mãe
mães
mão
média
médico
médicos
médio
mês
mídia
mínima
mínimo
móveis
música
nacionais
nacional
nada
nadam
nagem
nagen
naquelas
naquele
narrativa
narrativas
naruhito
nasa
nasceu
nata
natação
national
natura
natural
naufragadas
naufrágios
navio
navios
nazismo
nação
nações
nbr
necessidade
necessidades
necessita
necessitados
necessária
necessárias
necessário
necessários
negar
negativo
negociadas
negou
negão
negócio
negócios
nenhum
nenhuma
neozelandeses
nessa
nesse
nesta
neste
nestes
netanyahu
neto
netos
news
neymar
nicho
ninguém
ninho
nivaldo
nogueira
noi
noite
nome
nomeação
nomes
nordeste
normalidade
normalizada
normas
normativo
norte
norte-mt
norte-sul
not
nota
note
notificou
notre-dame
notícia
notícias
notório
nova
novamente
novas
nove
novidade
novidades
novo
novos
nuestros
nunca
nyusi
nº
náutico
níveis
nível
núcleo
número
números
objetiva
objetivamos
objetivando
objetivo
objetivos
objeto
obra
obras
obrigado
obrigatórias
obrigatório
observado
observar
obstáculo
obtido
ocasião
ocde
ocidental
ocidente
ocorre
ocorrendo
ocorrer
ocorrerão
ocorreu
ocorria
ocorrida
ocorridas
ocorrido
ocupa
ocupados
ocupantes
ocupará
ocupação
ocupou
oeste/sp
of
ofensa
oferecemos
oferecendo
oferecer
ofereceu
oferecido
oferta
oficiais
oficial
oficializamos
oficinas
ofício
oi
ok
olho
olhos
oliveira
omc
omite
omitem
omitido
omitir
on
onde
one
onemba
ongs
ontem
opa
operam
operação
operações
opinem
opiniões
oportunidade
oportunidades
oposição
oposto
opostos
opõe
orador
oral
orações
orban
ordeiro
ordeiros
ordem
order
organiza
organizada
organizado
organizados
organizando
organização
organizem
orgulharemos
orgulho
orgânica
orgânicos
orientados
orientou
oriundo
oriundos
orquesta
orquestra
orçamento
otan
otavio
otimismo
otimizar
our
outorgas
outra
outras
outro
outros
outubro
ouvindo
ouvir
oxford
pa
pacientes
pacificamente
pacote
pacto
pacífico
padre
padrões
paga
pagadores
pagam
pagamento
pagar
pagará
pagarão
pagasse
pago
pai
painel
pais
paixão
palabras
palavra
palavras
palmeiras
palmeirense
palácio
pan
papel
parabenizo
parabéns
parada
paraenses
paraguai
param
paraná
paraopeba
parar
pararem
parasitas
paraíba
paraíso
parceiras
parceiros
parcela
parceria
parcerias
parecer
parem
pares
paris
parlamentar
parlamentares
parlamento
parques
parte
partes
participam
participamos
participando
participantes
participar
participarei
participação
participações
participou
particular
partida
partido
partidos
partidário
partilhar
partindo
partir
pará
pasadas
passa
passada
passadas
passado
passados
passageiros
passageiros/ano
passagem
passagens
passando
passar
passaram
passe
passo
passos
pasta
pastas
patamares
patrimônio
patriotismo
patrocinando
patrocínios
paulo
pauta
pautas
pavimentado
pavimentação
paz
país
países
pb
pc
pcc
pcdob
pe
peace
pecados
peculiar
peculiaridade
peculiaridades
pede
pedem
pedido
pedidos
pedindo
pedir
pediu
pedro
peixe
pele
pena
penal
penas
pensamento
pensando
pensar
pensão
people
pequena
pequeno
pequenos
perca
percam
percentual
percorrendo
percorrer
perda
perde
perder
perderam
perderemos
perdeu
perdido
pereira
perfil
perfis
pergunta
perguntar
perguntei
periferias
periodicamente
permanecer
permanecermos
permissão
permitam
permite
permitido
permitindo
permitir
permitirá
pernambucano
pernambuco
perseguição
pertinentes
perto
peru
período
pesar
pesca
pescado
pescadores
peso
pesqueira
pesquisa
pesquisadores
pesquisas
pessoa
pessoais
pessoal
pessoas
peste
petista
petro
petrobras
petrobrás
petrolina
petrolina-pe
petrolífera
petróleo
peço
pf
pgmraulgil
pgr
piada
piadas
piauí
pib
pilar
pilares
pilota
piloto
pioneiros
pior
pisa
placas
planalto
planejamento
planejamos
planeta
plano
planos
plantada
plantações
plantio
plantão
plataforma
pleasure
pleito
plena
pleno
pls
pm
pm-sp
pneus
pobre
pobres
pobreza
pode
podem
podemos
podendo
poder
poderemos
poderes
poderosos
poderá
poderão
pois
policiais
policial
political
politically
politicamente
politizar
polo
polos
polêmicas
polícia
polícias
política
políticas
político
políticos
polônia
ponte
pontes
ponto
pontos
popular
populares
população
populações
populista
porco
poroshenko
porque
porquê
porta
porta-voz
portais
portaria
porte
porto
portos
português
portuárias
portuários
porém
posicionamento
posicionar
positiva
positivamente
positivas
positivo
positivos
posição
posições
possa
possam
possamos
posse
posses
possibilidade
possibilidades
possibilita
possibilitar
possibilitou
possivelmente
possuem
possui
possíveis
possível
post
postada
postagens
posteriores
posteriormente
postos
postura
potencial
potencializando
potencializar
poucas
pouco
poucos
poupar
poupou
pouquíssimo
pouquíssimos
povo
povos
pr
pra
pracinhas
praias
praticado
praticados
prato
prazer
prazo
prazos
precisa
precisam
precisamos
precisar
precisem
preciso
precursor
predominam
preenchidas
preenchido
prefeito
prefeitos
prefeituras
prejudicando
prejudicar
prejuízo
premiê
prendeu
preocupa
preocupado
preocupação
preocupações
preparados
preparando
presa
presenciado
presente
presentes
presença
preserva
preservados
preservação
presidencial
president
presidente
presidentes
presidiário
presidência
presos
pressa
pressão
prestados
prestar
prestaram
prestará
presto
preta
pretende
pretendemos
pretensão
preto
prevaleça
prevaleçam
preveem
prevenir
prevenção
previdenciária
previdência
prevista
previsto
previstos
previsão
previsões
prevê
prezando
prezar
preço
preços
primeira
primeiras
primeiro
primeiro-ministro
primeiros
principais
principal
principalmente
princípio
princípios
print
prioridade
prioridades
prioritário
prioriza-se
priorização
prisão
privada
privadas
privado
privados
privatizada
privatização
privatizações
privilegiada
privilegiar
privilégios
pro
problema
problemas
process
processa
processamento
processando
processo
processos
procura
procuram
procuramos
procurando
procuravam
produtiva
produtivas
produtividade
produtivo
produtivos
produto
produtor
produtores
produtos
produz
produzido
produzidos
produziriam
produção
prodígio
prof
proferir
professor
profissionais
profissional
profissionalismo
profissão
profundas
profundo
profundos
programa
programas
progress
progresso
proibido
proibir
projeta
projetada
projeto
projetos
prol
proletários
proliferou
promessas
prometido
promover
promovidas
promovidos
promoção
pronto
prontos
pronunciamento
propagadas
propaganda
propalado
propiciar
propondo
proporciando
proporcionada
proporcionar
proporá
proporções
propositalmente
proposições
proposta
propostas
proposto
propriedade
propósito
propósitos
prorrogações
prosperar
prosperidade
prosperity
prosul
protection
proteger
proteja
protetivas
proteção
proteína
provadas
provas
proveitosa
providenciou
providências
provisória
provocado
provérbios
prática
prático
pré-campanha
própria
próprias
próspera
próspero
próxima
próximas
próximo
próximos
psl/go
psol
pt
publicada
publicado
publicados
publicar
publicação
publicidade
publicou
pude
pudemos
puder
pudesse
punição
puramente
purificação
páscoa
pátria
pão
pétreas
pêsames
pública
públicas
público
público-alvo
públicos
quadrilha
quadro
quais
qualidade
qualquer
quantidade
quanto
quantos
quarta
quarto
quase
quatro
quebra
quebrar
quebrou
queda
queen
queimados
queimaduras
quer
querem
queremos
querer
queriam
querida
querência-mt
questão
questões
quilombolas
quinta-feira
quintas-feiras
quinto
quão
racismo
radares
radicalização
rainha
rampa
rankings
rapidamente
raras
rastros
raul
reafirma
reafirmaram
reafirmo
reagem
reais
reajuste
real
realidade
realiza
realizada
realizadas
realizado
realizados
realizar
realizaremos
realizará
realização
realizações
realmente
reassumo
reavaliação
rebaixamento
reboque
recado
receba
recebe
recebemos
recebendo
receber
receberam
receberei
receberemos
receberão
recebi
recebiam
recebido
recebimento
recebimentos
recebo
receita
recentemente
recepcionados
recepção
reciclagem
recife
recife-pe
recifes
reclamações
recognizes
recolhimento
recomendo
recomposição
reconhecemos
reconhecendo
reconheceu
reconhecido
reconheço
reconstrução.para
record
recorde
recorrente
recuperada
recuperando
recuperar
recuperação
recursos
recusaremos
rede
redes
redor
reduzidos
reduzindo
reduzir
reduziram
reduziu
redução
reeleição
reestabelecimento
refaz
refere
referendo
referentes
referi-me
referida
referido
referência
reflexo
reflexão
reforma
reformas
reforça
reforçando
reforçar
reforço
refugiados
refutando
refém
regime
regina
regionais
regional
registra
registrado
registro
registrou
região
regiões
regra
regras
regulamentação
regular
regularizar
reinado
reino
reintegrar
reintegração
reiterar
reiwa
rejeitados
rejeitos
rel
relacionadas
relacionado
relacionamento
relacionar
relativizações
relativos
relatos
relatório
relação
relações
relevantes
rememorar
remédios
renata
renda
rendendo
render
rendo
renomados
renovar
renovação
renováveis
renê
reparando
reparação
repercutam
repete
repetida
repita
reporter
representa
representadas
representam
representando
representantes
representarem
reprimir
reproduzir
repudio
repórter
repórter-mirim
república
requer
rescindir
resende
resgatando
resgatar
resgataremos
resgate
residência
resistência
resolução
resolva
resolve
resolver
resolveram
respectivos
respeita
respeitado
respeitando
respeitar
respeitemos
respeito
respiratórias
respondem
respondemos
respondi
respondido
respondo
responsabilidade
responsáveis
responsável
resposta
respostas
ressaltar
ressalto
ressurreição
restabelecida
restabelecimento
restabeleça
restaurar
restauraram
restauração
restrição
resultado
resultados
resultou
resume
resumo
retirado
retomada
retomar
retomo
retorna
retornando
retorno
retração
retribuirmos
retribuo
retribuí
return
reuni
reunimos
reunir-se-á
reuniu
reunião
reuniões
revelado
revelam
revelará
revelação
reversa
revisaremos
revisse
revistas
revisto
revisão
revogaço
revogação
revolucionar
revolução
rezende
ribeirão
ricardo
ricos
rincões
rio
rio-santos
rio/rj
risada
risco
rito
rj
ro
roberto
rocio
rodada
rodovia
rodovias
rodoviária
rodoviárias
rodoviários
rodrigo
rombos
rompida
rondonópolis
rondônia
roraima
rorâima
rossato
rosário
rota
roteirista
rotina
rotineiras
rouanet
roubar
rr
rs
rsm/holanda
ruas
ruim
rumo
rumos
rurais
rural
rutte
rádio
rápida
rápido
réu
rêgo
rígida
rígidos
sabe
sabedoria
sabem
sabemos
saber
sacrifício
sacrifícios
safra
sagrada
sagrado
saia
saiba
saindo
sair
saiu
salas
saldo
salles
salobras/salinas
salomão
saludos
salvaguardas
salvamento
salve
salvini
salário
salários
sanar
sancionamos
sangue
sanitária
santa
santiago
santiago/chile
santo
santos
satisfacción
satisfação
satisfeitos
satélite
satélites
saudável
saída
saímos
saúde
sbt
schools
schwab
sec
seca
secom
secretaria
secretaria-geral
secretario
secretário
sede
segmento
segue
seguem
seguidas
seguimos
seguindo
seguintes
seguir
seguirei
seguiremos
segunda
segunda-feira
segundo
segurança
segurança.para
seguro
seguro-defeso
seguros
seio
seletiva
selva
semana
semanal
semanas
sementinha
semestre
seminaristas
semiárido
sempre
sen
senado
senador
senadores
senator
sendo
senhor
senhora
senhores
senna
sensacionalismo
sensação
sensibilidade
senso
sensíveis
sente
sentem
sentido
sentidos
sentimento
sentimentos
sentir
sequer
ser
serem
sergio
sergipe
serra
serve
servem
servidor
servidores
servir
serviço
serviços
setor
setores
severas
sexta
sexta-feita
señor
shall
shalom
shelley
shopping
si
sido
siga
sigam
sigilo
significa
significam
significando
significativa
significativo
sigo
silva
silvio
simples
simplicidade
simplificando
simplificar
simplificação
sin
sinal
sincera
sincero
sinceros
sindicais
sindical
sindicância
sinop
sinta
sinto
sistema
site
situação
situações
snapgram
sob
soberana
soberania
soberanias
sobre
sobrem
sobretudo
sobrou
sociais
social
socialismo
socialista
socializado
socialmente
sociedade
sociologia
socorro
sofre
sofrem
sofreram
sofri
sofrida
sofrido
sofro
solar
solares
soldado
soldados
solenidade
solidariedade
solidariza
solidarizo
solidários
soltos
solucionar
solução
soluções
soma
somando
somar
sombras
sombria
sombrio
somente
somou-se
sonda
sorte
sousa
sozinho
sozinhos
sp
sportv
spots
sr
sra
sri
startups
states
stf
strategies
su
subchefe
subitamente
subiu
subjetividade
subproduto
substituto
succeed
sucesso
sudeste
suficiente
sufoco
sugestões
sul
sul-americanas
sul-curitiba
supera
superando
superaremos
superfaturamento
superior
superou
supervisão
superávit
suportam
suporte
suportes
support
supreme
suprir
surge
suriname
surpresa
sus
suspeitos
suspendeu
sustentabilidade
sustentação
sustentável
suzano
suíca
suína
suínos
suíça
sábado
sérgio
série
sérios
símbolo
símbolos
sólida
sólidas
sólidos
t.co/0inrwylnwv
t.co/3ygxfuqoki
tabu
tackle
tal
talento
talentoso
tamanho
tange
tantas
tanto
tantos
tarcísio
tarde
taxa
tcheca
teatro
techd
tecnologia
tecnologias
tecnológica
tecnológicas
telecomunicações
telefone
telespectadores
tema
temas
tempo
temporada
temporariamente
temporário
tempos
ten
tende
tendo
tendência
tenente-brigadeiro
tenente-coronel
tentam
tentando
tentar
tentaram
tentaremos
tentativa
tentavam
tentou
ter
terapia
terceira
terceiro
terceiros
terminais
terminal
termo
terra
território
territórios
terror
terrorismo
terrorista
terroristas
terrível
terça
terça-feira
testes
texas
texto
thank
that
the
tilápia
time
tipificados
tipificação
tipo
tipos
tirania
tirano
tirar
tire
tirou
to
tocados
tocantins
tocar
toda
todas
todo
todos
together
tolerância
tomadas
tomar
tomava
tomei
ton
toneladas
torce
torcem
torcendo
torcia
torna
tornando
tornar
tornarem
torne
torno
tornou
torná-la
torre
torres
total
totalitário
totalizando
totalmente
trabalha
trabalhado
trabalhador
trabalhadoras
trabalhadores
trabalhamos
trabalhando
trabalhar
trabalharam
trabalhista
trabalhistas
trabalho
trabalhos
tradicionais
tradição
traduz
tradução
traficantes
tragédia
tragédias
tranquilos
transformar
transformações
transformem
transition
transição
transmissão
transmitida
transparente
transparência
transplantados
transplantes
transporta
transportada
transportar
transporte
transportes
transposição/ramal
traremos
trará
trarão
trata
trata-se
tratado
tratados
tratam
tratamento
tratamos
tratando
tratar
tratarmos
tratativas
travado
travou
traz
trazer
trazê-lo
traçado
traças
trecho
trecho.se
trechos
trens
tributação
tributária
tributários
trimestral
trimestre
tripudia
triste
troca
trocar
tropa
tropas
truly
trump
tráfego
tráfico
trânsito
três
tubarão-baleia
tudo
turismo
turista
turistas
turmas
tv
tweets
twitter
tá
tão
técnicas
técnicos
têm
tênis
título
tônica
ucrânia
ueli
uff
ultrapassa
ultrapassavam
umas
un
una
unam
unasul
unc/estados
under
unidade
unidades
unido
unidos
unificação
unimos
unir
united
universidade
universidades
universitário
universo
união
uns
urbana
urgente
urgentemente
urgência
urubu
uruguai
us
usada
usadas
usados
usam
usando
usaram
usavam
use
usem
usinas
uso
ustedes
utilidade
utilizada
utilizando
utilização
vacinação
vaga
vagas
vagão
vagões
vai
vale
valeixo
valer
valeu
validade
valiosa
valor
valores
valorizar
valorização
vamos
van
vantagem
variações
vasconcelos
vasto
vazamentos
vazar
vazão
veementemente
veemência
veja
vejam
vejo
velez
velho
velhos
velocidade
vem
vemos
vencedora
vencerei
venceremos
venceu
vendas
venezolanos
venezuela
venezuela.brazil
venezuelan
venezuelano
venezuelanos
vença
ver
verbas
verdade
verdadeira
verdadeiramente
verdadeiro
verdadeiros
verde
verde-mt
vereadores
vergonhosa
verificadas
verificando
versão
verão
vestígios
veterinária
vez
vezes
veículos
vi
via
viabilizam
viabilizar
viaduto
viadutos
viagem
viagens
viajantes
vias
vice-premier
vice-presidente
victor
vida
vidas
videoconferência
viemos
vigentes
vigência
viktor
vila
vilalva
villas
vimos
vindo
vinham
vinicius
violento
violência
vir
virtual
virá
virão
visa
visam
visando
visava
visavam
visita
visitar
vista
vista-roraima
visto
vistoriar
vistos
visão
vitais
vitimismo
vitimizem
vitor
vitoriosos
vitória
vitória-es
vivam
vive
vivem
vivemos
viverem
vivia
vivo
vivos
vivência
vivêssemos
vizinho
vizinhos
viés
voar
volei
volta
voltam
voltamos
voltando
voltar
voltarmos
volte
voltem
voltinha
volume
vontade
vontades
voos
votada
votação
voto
votos
voz
vá
válido
várias
vários
vão
véspera
vêm
vícios
vídeo
vídeoconferência
vínculos
vítima
vítimas
vítoria
wagner
was
washington
we
weintraub
wi-fi
will
words
xadrez
xeque
xico
xingam
yasmim
york
yossi
you
your
youtube
zambrano
zelândia
zerados
zeramos
zero
zimbabué
zombar
zona
zoológico
¡dios
¡fuerza
¡un
áfrica
ágil
água
águas
árabes
árabés
árduo
área
áreas
âmbito
ídolo
ímpar
índia
índice
índices
índios
ódio
óleo
órgãos
ótima
ótimas
ótimo
ônibus
última
últimas
últimos
única
único
únicos
